,# Amide bonds,AMINO ACID STARTER CONDENSATION DOMAIN,"RzmA H139, H140, D144",VibH His126,VibH Gly131,CdaPS1 M165,RzmA Q36,RzmA Y138,RzmA R148,HolA A149,RzmA M143,RzmA Q136,Chain Length
0,12,AELPLTAAQREIWIAEQRLGKRNRVFRVGEYLEIHGRVDLGLFDRAVRLVVGEAQALHVRFTEAHGEVRQALRPPTDWAPTLVDLSAEPDPERAARAWLAAAVARPMDLAREHLFDHALLRLGDDRCYWYQGYHHIVMDAFGTVLITRRTAEVYTALAEGRPVSPSPFGSLDGFLAADQKYRDSEGFTGDRAYWTERFADRPEPTGIVARPSTTPDHYLRRTAALTPGELDGLREAARGARAPWSHLVIAAVAVYLHRMTGATDVVLGLPVTARLDQLQRRTPGTASNVLPLRLTV,1,1,0,0,0,1,0,1,1,1,0
2,6,QYSLTGAQTGIWFAQQLDPDNPIYNTAEYIEINGPVNIALFEEALRHVIKEAESLHVRFGENMDGPWQMINPSPDVQLHVIDVSSEPDPEKTALNWMKADLAKPVDLGYAPLFNEALFIAGPDRFFWYQRIHHIAIDGFGFSLIAQRVASTYTALIKGQTAKSRSFGSLQAILEEDTDYRGSEQYEKDRQFWLDRFADAPEVVSLADRAPRTSNSFLRHTAYLPPSDVNALKEAARYFSGSWHEVMIAVSAVYVHRMTGSEDVVLGLPMMGRIGSASLNVPAMVMNLLPLRLTV,1,0,1,0,0,0,0,0,0,1,0
4,13,RHGLTSAQHEVWLAQQLDPRGAHYRTGSCLEIDGPLDHAVLSRALRLTVAGTETLCSRFLTDEEGRPYRAYCPPAPEGSAAVEDPDGVPYTPVLLRHIDLSGHEDPEGEAQRWMDRDRATPLPLDRPGLSSHALFTLGGGRHLYYLGVHHIVIDGTSMALFYERLAEVYRALRDGRAVPAAAFGDTDRMVAGEEAYRASARYERDRAYWTGLFTDRPEPVSLTGRGGGRALAPTVRSLGLPPERTEVLGRAAEATGAHWARVVIAGVAAFLHRTTGARDVVVSVPVTGRYGANARITPGMVSNRLPLRLAV,1,0,0,0,0,1,1,1,0,0,1
8,7,TFYPLTHAQRRIWYTEKFYPGTSVSNLSGFGKLKSASGIDSGLLTEAIRKFVRTNDTMRFRLMFEGEDEPKQYIAEDEPFQIEYFDASESGGADGVLKWGQAEARRPLPLYDSPLFKFAVVRISEEESWFFAKVHHIISDGISMTILGNRITDIYLKLAKGETDLEPVQSSFTEHIQSELEYENSKRFQKDKAYWNAQYEAIPEPVSLKASDTYQIQLDAARFSKEISPDLYKKIQTYCNEHNISVLSLFLSILHIYMHRVTGQKDVVLGTFMGNRTNAKEKQMLGMFVSTIPMKASI,1,0,0,0,0,0,0,1,0,0,0
9,10,RGLPLTAGQRDIWLDQLSRGDSPLYNIGGYAVLKGPFRPELMQRTVELLVDKHDVLRTVLSLEGSVDGLPLQHFDRQWPVELVFHDLSAAADPLAAAQAQIRRQMQQAFKLDGERLCRFSLFRVGPEHHLMEVEAHHLILDGWGFAQLSQSLGGLYSALASGEEPQATAPSFVDFIEDDARYHQSSRYARDRDYWLDKYQSLPEPVLRPRYRPAADAATPGATLVQAFPAALHERMKALGKSTGASAFHVLLAALHVYFTRTLQRDEWVLGMPVLNRPNAAFKVTLGSFTQVSAVRMDF,1,0,1,0,0,0,0,0,0,0,1
10,11,VTAVQEAMWLQQELAPDRPNNVVTLWDVDGDLDIPLITEALRTAVSEAGALTLNFRRDEGGLRAVARDPELPEPFHFDVSDAGDPGDAARAVVAELVSRPFDLGADALFRIGSIRLGATRHLVVLVFHHIVTDAFGVVTLLSRRIAEIYRALRSGSAVPELPANARGDARQKDAAYRASKRFAEAEQFWRDYVADEPTAARLPAGVRPAGDGRAAGHWDSLTEPLGMTTRTARIPAAELAAWRRTADALGTSLPDLLAAAATAFLQHMCAVPEPLHEFTVNHRVGALRRSLGLLSNRVPIRVEV,0,1,0,0,0,0,0,1,0,0,0
11,7,FYPLTNAQKRIWYTEKFYPNTSISNLAGFGKLISEDGVQAHYVEKAIQEFVRRYESMRIRLRLDDEGEPVQYVSEYRPLSIGHTDIRQAGCSADELSKWGREEAGKPLALYDQDLFRFSVHTISENEVWFYANVHHIISDGISMTILGNAITDIYLELSGGTSEEQTEIPSFIEHVLTEQEYVQSKRFKKDRDFWNGQFETVPELVSLKRSRADAGLDAKRFSQEIPHDLYGRIHSFCEEHKVSVLSLFQSALITYLYKVTGRDDVVTGTFMGNRTNAKEKQMLGMFVSTVPVRTSVD,1,1,0,0,0,1,0,1,0,1,1
12,13,LLPLASVQQGIWLDQLAYPHLPYYNIGMTLEIKGDIDIALFEKAIQRVIDSHDALRLSFSHERGMGGQRVLSKAPFKLEVTDFPEVDGDTEQAIAHLRESFRHPFESMTGQLWESRLVRCGPQLHYWFNRLHHLVADGIGAVLIAHAVGDTYSGLLEGKETLAEGPSYLSFLEEDRAYMASCRYERDRLFWEQSYAQLPPVLLQRRADFKAGLTNVPAPSDQVQAMLPRALYNALTQFASECNLSVAHVLVGVISTYFCRTVGVDEIVVGMPVHNRTNARQKATIGMFSSVSPIRVGF,1,0,1,0,0,0,0,1,0,0,1
13,9,THELASVQQGIWLDQIAHPDLPYYNIGMSLEIKGEIDIPLFEKAIELVANNHDALRLSFSHEGGIGRQRVLPEVKVKLDVVEFSEAEADAGLAMEYLRNAFRQPFPELTGQLWEARMVRCGPNRHYWLNRYHHLVTDGIGVALIGHAVGAAYNGLLAGNDEVAQGHSYLSFLEDDRAYLQSSRYERDREFWQETYAQLPPSLLQRRADFKTGQANELAPSAQVQAMLPRALYNDLTQFASERSLSVAHVLISVVATYFCRTVGVDEMVIGMPVHNRTNARTKETAGMFSSVSPIRLPVD,1,1,1,0,0,1,0,0,0,0,1
15,13,PLSTAQSEMWFAQELDADNWLYHSCGYLDIGGPLDLARFEQALRRFVAETDALHLRFLDGPDGPLQCIGEAPALPFETVDLSAHAQPFQAALSAMRADMRRVFDLRSSRLFNYIVFKLGEERHLWYKRYHHIVLDGAGSSLDIVRVARIYTALCRGEEVPASDLGGISALLDDDRDYRESDRCRRDQAFWRDYARTLSETTALSGRPLARTSTFRRCALPIPPSLAAALMAAQTRDSKWPQLMTAAVAAYLYRISGGKVDTFDFPVAARAKQLRHVPGTTANVLPVRLG,1,0,1,0,0,1,0,1,0,0,1
18,7,QNIWLDERLNTGPGSYHIGGYVELRGPLDIDIFGAALKAVAAAHAGLHMQPVPEGDGFRLLAYQDTFSSPVSVDLSQEGNPAAAANAWMAADFRRMFPAGAPLFRWGLIRLTADRHFWTKTYHHLIVDGHAISRIVQDAAHAYTSLLAGRVPGLAGSDPLAIGDPLAGDGVSARHHWSTVLAAAPPVLNPVPPLPPPDLGPPDLTPPEPGMPGRRTRIGLERGVYDGLARLAAQAGAGLPQLLLVLASAALLRRAGRDALVAGLPVANRPTAAHKAAVGLFATMQPVIVAI,0,0,0,0,0,1,0,1,0,0,0
19,7,PMPLSGAQAAIWAELAAGGVATTFYNIADQISLNGPLDPAAFRAALYHVHRAADVSRLRFAADDGVPVQWFDATPGRFDFALIDLSDAEDPETLVTEEFHALRLRPFDLMHGPLNRHRLIRLAPDRHCWIRCYHHLITDGLGGVMTAAATAAAYDAYKQGAPLPDPAFLPYGDHLTREAAHAAGAAGAADLAYWRARLAGDIHPHSFGHTMRPGGQPVTANPVTANPAAAGARRTAILGAEAPPQSVIRPLGAARMAALDALAGRLGINARSSVMLALFLALLGRSVGTDTPSCTTLLSNRLTRADRRTLGQFAYTVPFW,1,0,0,0,1,1,0,0,0,0,1
20,12,TVYSLTHAQRRVWFTELLEPGTSICNLAACVKFRGDIDFDVLRHALDFSISQNDSLRFQLTEGDGSEPQLYLAGHRPISLETVDFTHTDQAERDAWIDTQTRVPFKLFHSPLYHFTLLVMSDEEVWLYSKFHHIIMDGISLNLLGNQLIDIYQKIMRSEDLAEHHRPSYLSYMEKEQQYLQSSRFQKDRSFWTETYRTVPEHLSLAERTSHLRQSTAASRDTITLSHSLEQSIRRFCKENNISIISLFMASLYICISRLTAKKDIAIGTYYGNRGSRLEKDMLGMFVSTLPIRMTA,1,1,0,0,0,1,0,0,1,0,1
21,6,QQLPLTGAQAGIWFAQQLDPDNPIYNTGEYVEINGAIDVNIFKTALERVLTEAASLHARFEEGADGPKQIINPPFEVAIDVIDVSSEAVPKQAALRLMQTDLAEPVDMAAGPLFRDILFQAGPERFFWYQRIHHIAIDGYGFSLLARRTAQMYTAIREGRPDNGRSFGSLEDLVKEDQEYRASDQFLKDREFWMEKFADEPDVVSLAERAPRTSTRFRRSTAYLSETALQHVKAIPNWHEAVTAAAAVYVYRMTNAGDIVLGLPMMGRIGSISLNIPSMVMNLLPLRLSL,1,1,1,0,0,0,0,0,0,1,0
22,7,MWFAQQLDPQNPIFSWGEYLEIHGPVDAVIFESALRRVISEAEAMRARVVTESGAVGQTIEPLPERLLQVVDVSDEPDPVRAAERIMRSDLARPMDLVYGPAFTQILFQAAPDRFLWYQRIHHVVIDGYGLSLVVRRVADVYSALVRGLPADEGAFPPLRDLLDEDTAYRESAAYAEDREYWLGRLGDHPEVPALAEGTPVTSSRFHRHSTWLGPDAAHELTASAREIGASMPRLMIAAAAAYVHRMTGATDVVLGLPVTGRTSDAARAVPGMASNVMPFRLRV,0,0,1,0,0,0,0,0,0,1,0
23,10,TGVTAAQEAMWLAQEFVPAQPNNVVTLWEIDGNLDVARMTSALRHSVGEAAAVRVNFQREELLRQVVRDAGGWEPFHHDVSGLADPDGEARALVASLTWQPFDLARDALLRLGTIRLSATRHLLVLIFHHIITDAFGVVTLLSQRIAQVYQELMRNAEVPASDWPPPEDAVRADEAYLSSRRCADAERFWQEYLSGAPTAARLPDGVRSPAADLAAPAGPWDFLTAPLGMVTRTVPVPAADRLAWERRAQESATGVTDLLTAAAVAYLQRMCDVSEPLHSITVNQRTGRARRSLGLLSNRVPMRVTI,1,1,0,0,1,0,1,1,0,0,0
24,7,TVLPLTAGQAGIWYAQSLSGPNATFNAALYLDIEGAVDERLFVAAMRQVVTEAEALRARITDDGTGPVQVLEPVGDWAEQPVQVVDFTAAETPWQDAEAWMWADAGTPLDMSGEPLYRFALLKVADDRSLFYYRYHHVVMDAAGASLVAARVADVYTRLVAGEDTADGAFPPLRELIEDEAAYRRSAAFEADREYWTARFADTPAVPSLGDRPTAMPHHQLRGGARVPAAVAAEVRDAARTVGVGWPAAVLAALAAYTSRITGSSDVVVALSVAARTTAAGRAVPGMVSNVIGVRLDV,1,0,0,0,0,1,0,1,1,0,1
28,13,YRASSAQLGIWVAQQLQPDSPLYNCGVFYDIDAPVDPVLLDRAVVRAVEDTAALRVRFTEDDEGLWLRTVPEAATPRHVDLGGEEDPYAAALAWMRDDLATPVDPARDTLYGHALLTLAPNRHLLVFRYHHIALDGWGQILHCRRIAELYTAFAKDADTPATPFGTLHDLLADDAAYLGSPAHARDAAYWRATLADPPEPPRLAAGSEQPAHSELRAGARLSEPQVAALSAAAGAARTRWTVVLVAAVAAYLHRLTSVRDVVLGFPVAARTSRTALTTPGMLANEVPLRLHVH,1,0,1,0,0,1,0,0,0,0,0
32,11,QTYPLTAAQLDIWLDQLSRGDSPLYNIGGYLDLSGPLDPARMQAALEALVARHDALRTILLPGAGADGLPLQQFARSVAVPMPIDDVSAHSDPESAARALVQARIDQPFVLDGGCLLRFLLIRLNDQRHWLSVQAHHLIVDGWGFGEMFKSLDEIYNALAHGQPTPVAAPSYIDFIEANARYQASPRYAQDRAYWLDKYRQLPEPLLLPRHQQSLAGQTAQTQVYAQPLPALLHERMQQVARAFGASAFHVLLAALHVYFSRTAQRDEWVVGLPILNRSGARFKSTLGLFAQVSAVRMG,1,0,1,0,0,0,0,0,0,1,1
36,14,QRLGVTAAQQSVWLAGQLADDHRLYHCAAYLSLTGSIDPRTLGTAVRRTLDETEALRTRFVPQDGELLQILEPGAGQLLLEADFSGDPDPERAAHDWMHAALAAPVRLDRAGTATHALLTLGPSRHLLYFGYHHIALDGYGALLHLRRLAHVYTALSNGDDPGPCPFGPLAGVLTEEAAYRDSDNHRRDGEFWTRSLAGADEAPGLSEREAGALAVPLRRTVELSGERTEKLAASAAATGARWSSLLVAATAAFVRRHAAADDTVIGLPVTARLTGPALRTPCMLANDVPLRLD,1,0,1,0,0,1,0,1,0,0,1
38,11,VTSAQEAMWLAQEFSPEVPNNVATLWDIDGDLDTALLADALRAAVAEADALKVNFRRDDDVLRPVVRDLSEWEPFRLDVGDAADPADAARAVVADLVRRPFDLAEDALLRTGSIRLGPGRHLLVLVFHHILTDAFGVLTLLSGRIAEIYRALRAGSGVPAGAPNPPQDAADKDAAYRTSKRFADAERFWPDYLAGDLPAARLPAGVRPPAGAAGGEPGYWDGLTEPQGMFTRTTTVPAAELADWERASRATGTSVPDLIASAATAFLGHMCGLAEPLLTITVNHRVGALRRSLGLLSNRVPLGSRVD,1,0,0,0,0,0,1,0,0,0,0
39,18,RLTSGQLGVWYAQQLEPLSPVYNIAEYVEIRGDVDVGLLVSALRSALDEAQTYRLRFRQEDAGPGQYVDDSLELPVHVADLGSAGDPRAAAVEWMTADLDRPADPLTGPLAAHAVFRLGPGHVLWYQRAHHLVLDGTSLSVFAARVADLYTASASGRPPAGGAPGPLSVLLDADRSYLRSEEYARDRRFWREYLADLPGQGAARGDRTRSLPGRPLLHTHPNDASAATELREAARRLRTSPAVLSLTAAALYRHRTTGTRDVVLGVPVTGRTTGRELGIPGMTSNVVPLRLSL,1,0,0,0,0,0,1,0,0,1,0
40,3,LGVAQLGLWHGYVLNEDRAMFNTAECIAFAGKIQPAQLIAALRQAVSECEALSGHFVVDGEQVLFNPVELPLSVAQLHIPTGVDAQAWVQQWGMTDIRQAFDLERERPGRFTLLQGEQVDFLYGCIHHIALDGYGSNLLYQRVADLYGAALRGEPAAPCEFGDYAAVLAEDAERESQGRTATAQDYWREQLGALPEAVSFSERVAPISATFLRHSAVLPPGLWQALNQLAEANKIGWPDLLLAALSAQLRQVSGSAAQVLGLMVMNRMGSASFNVPCMQMNIAPLCLD,1,0,1,0,0,1,0,0,0,1,0
42,7,QLYDLTNAQKRIWYTELLYPDTSVSQLSGTAKMKGHINIAAFMQSINLIIKQYDAFRIRITSVDGVPQQYVVPYEERQLECLDLSHYESVSEVEALLEQHKRKPLPLLDSELFQFLIVKISEEEYWINIKMHHIISDGISMVVYGNQLTAFYMELIQGNEPKLGDDCSYIQYIADENAYELSDRYQKDKAYWLDKFSDLPELTGWKSYNPLSLSTHAVREHFTVPEVLYHELQAFCQQNRISLFQFFMGAMYIYIHKMTNQPDVVIGTSFANRGNKKEKQKIGMFVSTAAAR,1,0,1,0,1,0,0,0,0,0,0
43,10,LSAAQREIWFSQQQDLENPLYRVGEYLDISGDIDLTLFERALRTVVAQTETLHVRFTEGQEGPEQVVERKEDWDLPVIDLSDVDDPLSVAERWMREDLGRSIDITVGPVFSYALFRISRNRVVWYQGYHHIAMDAFAMGVVARRVADSYNRLSRNEGVLGGDDSVALLLDDDASYRASEDLARDREFWMGRLADLPEPVELAGRTAPASGKFHRVSMTFSDVHGGDAVRGDRDLRGWAVTLTAAAAAYVYRATGQVDFLLGFAAAARPGADLKQVAGMMSNLLPLKLTV,1,0,0,0,0,1,0,1,1,1,0
45,9,QVLPLTINQREIYIEQMMWPEGTHLNIGATVTVHGAFNIEVFNEAMNRVICYHPGLRTRIYELEGNPLQTIALHKDTRVKLVDFSTYENSEEQAEDYINKQFIQPFHFGKDACLVDFQLIRTSSQKHIIFAKYHHTITDGWGTAIFFREVIVTYNQILKDGVATQTQKDWSLVEYLQQESEYLKSDNFQRDRDYWIKRLQGLSPKLFSQIQPQKLIGQRQSIYISRQTYDRVSSLCLAIQSNIFHFILSILTICLSNRYEKKDLVVGLSLLNRNKKNFKDAINLFVSTIPFRLKID,1,0,1,0,0,1,0,1,0,0,1
47,6,SRPLSAAQSGMWFAQQLAPESAAYSGAQCVEIHGPVDLTRFETAVRRTVAEADTLHARVTDGAEGPRQTLDREIADRCGVTFVDLTGAADPEAAARAWMHAELNQPHAPAADDAPGRDPRDPLMCEALLRLAPDRHFWYQRIHHVLVDGYGFALLTRRVAEIYTALGRTDGEDQPSPFGTLAELLAADRHYRASEGFARDRAYWTERLADCPRPAQLSGADAPVSSGFLRATTLLPPEYVDRFTELVSGAGLSWSDAIVAAAAVYTQALTGADDLTLGIPVAARVTADERDTPGMVSNVLPLRVS,1,0,1,0,1,0,0,1,0,1,0
48,10,QPVTRAQRELILASLLHPEAALGNTGGTVTMHGALHIDGFTACMAQLVARHDVFGLGFVIDGQQIGHRPVERSAALVRLVDYSAHDDAAELASAFIARQFATPIDLGADASLIQNYLIRVHPQHHIWLCFGPHALLDGWGFSLMFQDMALLMRRHAAGAQDEAPPAPPSFLDYTAEDLAWSASSGCQRSTDYWRQRFPVAPDSLFAPIKPFQLAAGSLARAVPPARYAQWSAAAEGAGLTLASWIAAALLATLARRTGVARPVLGMPLLGRRTAQHKQTIGLFANVVPLALTVD,0,0,1,0,0,0,0,0,0,1,1
55,10,RGLPLTAGQRDIWLDQLSRGDSPLYNIGGYAVLKGPFRPELMQRTVELLVDKHDVLRTVLSLEGSVDGLPLQHFDRQWPVELVFHDLSAAADPLAAAQAQIRRQMQQAFKLDGERLCRFSLFRVGPEHHLMEVEAHHLILDGWGFAQLSQSLGGLYSALASGEEPQATAPSFVDFIEDDARYHQSSRYARDRDYWLDKYQSLPEPVLRPRYRPAADAATPGATLVQAFPAALHERMKALGKSTGASAFHVLLAALHVYFTRTLQRDEWVLGMPVLNRPNAAFKVTLGSFTQVSAVRMDF,1,0,1,0,0,0,0,0,0,0,1
56,13,EMMHPNTTVSTVAGTLVIRGEVDAAVLKESICQVITQHDAFRIRIMTQDNQPIQRLEPESAITPEVDYMEWDDHLEAKDWLNRFNRIPISIFDDKLYNFTVFNVNNQEYWIHLKINHIIADGVTSHLIGNKIMQTYMELTSGTFSANDKKNSYLDYTYAEQEYEKSDRYQKDKAYWLEKFQTMPETTGIKPYPPYSISTEAKRAYVALTGERYEQLKVFSEQNNISLFTLFLATVYMFLYKTTGNLDIAVGTAYANRTSRKEKEMLGMFVSTVATRLSL,0,0,1,0,0,1,0,0,0,1,1
57,9,FNTGEYIDIRGPVDPERFEAALRQTVAEAETLHLRFGEDGEGPWQRLEPSSDWTLHHIDFSGTDHPLEAAEAWMRQNLAEPMDLTRGPLFTQALFKLAPDRFLWYQRIHHLVIDGYSFSLLAQRAAQLYTTFFQEQPPGPGAFGALQSIFQEDEAYRASEQQERDRAFWLARFADAPEAVSLGSRTARAGAGFLRRTAQLSPDDASALRDAADRTGTTWPDVVIAAVAAYVHRMTGADDVILGLPMMCRLGSASLRIPGMVMNLLPLRLAV,0,0,1,0,0,0,0,0,0,1,0
58,9,QRFPLTQAQLRIWYTEMMNPDTTLSMLSESLKIQGGPLDVDVLKQAIYHIIRQNDAFRIRIAFENNEPMQWFEQPENIVPECDYAEVDGYAEAETWLDRFNRIPIGMFESRLYHIVILKVNENEHWVVCKFNHITLDGLSSDTMLHLIMEYYIEIAKGNVPAHHAQSTYLDYIYADQEYGKSDRYQKDKEYWLDKFRTLPEVMGVKSYSAHAVSTEAKRKSVVISGDFYEKLRAFSERNNVSLFTLFLSVLYVYLYKATGNEDISVGTILANRTSKKEKATLGMFASTIAGRISVD,0,0,0,0,0,0,1,0,0,0,0
59,12,HTYSLTHAQRRVWFTELLEPNTSICNLTACVKFKGNIELDTLEGALNHSISRNDAIRFQLLEGEELEPRLHLTEYKYYPLRIIDFSNVEMIEIEQWIQDQASIPFKLINSPLYQFYLLRIDSHEVWLFAKFHHIIMDGISLNVMGNQIIDLYQKMKKKDPLPDQPEPSYLSYIEKESQYLQSPRFAKDRLFWTQTFEHPLEYHSLADQTSLQKQSTSASRDTIILSPDLEQTIRIFCEEHKINIISLFMASFYICISRITSKKDLAIGTYYGNRGSKAEKEMLGMFVSSLPIRITVD,1,1,0,0,0,0,0,0,1,0,1
60,18,ETFALSVAQRDIWLDQISHGDSPLYNIGAYVEMNGGVDAARLRQALAHLVAQHDGLRTVLVTQGGMARQYFAPTLEVELVRHDVRDAEAPWAAAQALLQARMQTPYRLDASPLWGTTLIRLGEQRYLFAVQAHHLVLDGWGVDQWFKQIAEYYNLLEQGLPLPSGAPSYRAFIEDDAQYQGSPRHDRDRDYWLAKYQQLPDALLAPRERNAVHLSPPSAVLEQPFDTRLLARMRALGSTLQASPFHVLLAALHVCSARTWQRDEWVVGLPVRNRGNAQFKSTLGLFTQVSALRMDF,1,0,1,0,0,1,0,0,0,1,1
61,4,RPLTPAQLAVWHAQQLAPHSPVYQVGEFVEIDGECDPDLLVAALRQVMGEAESARLRFRVIDGTPWQYVAEDGDDPIQVVDLGAAADPRAAALGRMAADLDRPGDLRDGPLVEHHVYLLGEGRVIWYHRAHHIVCDGGSLGIVASRVAGVYSALAAGGDVRPGALPPLSVLLSAADAYERSGDRDRDREHWRSALAGLPAELLAGAGRPRPLPGPPVRHEHDLSAAEAGRLRAGARRLRTSVAQAGIAAAALYQHRLTGARDVLVAVPVAGRTTRPEFDVPGMTSNVVPVRLAV,1,0,1,0,1,0,0,0,0,0,0
62,18,VCLTAAQRELWSGHQLDPTRSAFTTAEYVEVAAPVDIDALAAAVRTVIEEAEILSVRFEAEPGADSADVVQVHDRRHAPELERLQLDRAAALEWMREDVRRPLDFDSAPLVRTALITTESGVLWYLRAPHALLDAYGYSLLTRRVAALYAARLAGTEPRPAKFPPLRTHVQAAREFDAAAPDSAPQSASHPVGFSDTVRRPVPDPRRYTIPIDPDVARSLREAATAQATTWAEAVYAAAATYLGAHTGAEEVTLRVPVLARNGIELASPVTATNIVPLRIPL,0,0,0,0,0,0,0,0,0,0,0
63,11,QTFPLTAAQKAIWLDQISQGDSPLYNIGNYLEIQGPIVPEVMQRAVQLMVDKHDALRLTLVDETDADGVPLQAFVPAIKVDVPFLDFSTQADPVSTAMAFVEEHMARSFPMTEAPLCRFFLIKLADTHYWSINQAHHIILDGWAFGEMLQSLGALYSDLLEARQPDMEATSYVDFIHDDLRYRESARYAKDREYWQAKYQSLPEPLFTARHHNQFAKGKAPGRHYARPFPVALHERMGELAKDFQASTYHVLLAAMYVYFTRVTQRDEWVVGLPLLNRTGKFKGTVGMFTQVSAVRFS,1,0,1,0,0,0,0,1,0,1,1
64,7,EINGELDVDLFERALRSAVREAEAVHTRFVGEGEAVRQHVRVSDDWPFHRIDLSGEPDPRARAEEWMRTDMRRPVDMRGDALFTQAMLRLGPDHVYWYQRCHHILGDGFSGPLVNNRIAQIYAALRAGDAYDEGALAPFSNLLDADRAYRGSEEQAKDRAYWGEIFADLPTPVSLSGRIPAGTPHHLIRGTAEMPSEAAADLRTTARSLRTSISGMAIAAAAVYLNRATGAEDVVVALPVFGRFGSAQRQTPGMATNLLPIRLTV,0,0,1,0,0,0,0,0,0,1,1
66,12,TAAQESVWFGQQLRPDDAALYNCAAYLDVAGVLDVAVLDAALRRVVAETEAVRTRFSFTDGGLARSVVSTSDTTLTAVDLRDEAAPVDAALEWMRQRLSEPIDLSRAPTADHAVIRVGSERTLLYFGYHHIALDAYGAVLYLRRLAAVYGHLIDGTDPDASAFATTETLLDEQRRYESSPRCARDAEYWSGVASALPAPTSLSGCGGDPTSDSLSRTVSLPGTDDSRWGAAASALVGGWPAVVVAGVAAYLRRFADGDDIVLGLPVTARTTPAAVHTPAMLANEVPLHLTV,1,0,0,0,0,1,0,1,0,0,1
68,9,THELASVQQGIWLDQIAHPDLPYYNIGMSLEIKGEIDIPLFEKAIELVANNHDALRLSFSHEGGIGRQRVLPEVKVKLDVVEFSEAEADAGLAMEYLRNAFRQPFPELTGQLWEARMVRCGPNRHYWLNRYHHLVTDGIGVALIGHAVGAAYNGLLAGNDEVAQGHSYLSFLEDDRAYLQSSRYERDREFWQETYAQLPPSLLQRRADFKTGQANELAPSAQVQAMLPRALYNDLTQFASERSLSVAHVLISVVATYFCRTVGVDEMVIGMPVHNRTNARTKETAGMFSSVSPIRLPVD,1,1,1,0,0,1,0,0,0,0,1
69,18,QTFPLTASQKAIWLDQISQGDSPLYNIGNYLEIQGPIVPEVMQRAVQLMVDKHDALRLALVDETDADGVPLQAFVPAIKVDVPFLDFSTQADPVGTAMAFVEEHMARSFPMTKAPLCRFFLIKLADTHYWSIYQAHHIILDGWAFGEMLQSLGALYSDLLEGRQPDMEATSYVDFIHDDLRYRESARYAKDHDYWQAKYQSLPEPLFAARHHNQFAKGKAPGRHYARPFPVALHERMGELAQDFQASTYHVLLAAMYVYFTRVTQRDEWVVGLPLLNRTGKFKGTVGMFTQVSAVRFS,1,0,1,0,0,0,0,1,0,1,0
70,11,VTAVQEAMWLQQELAPDRPNNVVTLWDVDGDLDIPLITEALRTAVSEAGALTLNFRRDEGGLRAVARDPERPEPFHFDVGDAADPGDAARAVVAELVSRPFDLGADALFRIGSIRLGATRHLVVLVFHHIVTDAFGVVTLLSRRIAEIYRALRSGSAVPELPANARGDARQKDAVYRASKRFAEAEEFWRDYLADEPAAARLPAGVRPAGDGGAAGPWDGLTGPLGMTTRTARIPAAELAAWRRTADTVGTSLPDLLAAAATAFLQHMCAVPEPLHEFTVNHRVGAQRLSLGLLSNRLPVRVEV,1,0,0,0,0,0,0,1,0,0,0
72,13,KFSLSSTQQVVWLDQYLRPDSTCYNLGSVVLIEGKLDEALLIHAFKTVVYRHDALRLRLISTQELPLQELTDTSNVFVTIRDFSDYADAEEQAKQYIHAAFSCPFDLNGELWRFELLRVSDNRWYWQFCCHHLIGDAITLGLIAEEIANTYRCLTRGEEIPQAAPSYLDFIDEDHAYLHSQRYQQDQQFWLERYKNLPPALIQPSSTEKKADNEHPEPLVWQWDRAFFQRIEDAVAAQGLSVLHFMYAVLACYFSRTTYFSRADFSSEDNSEEIVMGIPVHNRKNVKQKRTIGMFSSVIPVGITV,1,1,0,0,0,0,0,1,0,1,0
