Fasta File,CHEMONTID,Classyfire Prediction,# Amide bonds,SMILES,AMINO ACID STARTER CONDENSATION DOMAIN,"RzmA H139, H140, D144 (Conserved motif)","VibH His126,Gly131 (NOTE: Gly 131 is actually Gly 143 because G was not found at position 131, however paper said that it corresponds to the G in the HH motif, so this is actually looking at G143)",CdaPS1 M165 (NOTE: Using CDA1b),"RzmA Q36, Y138, R148",VibH Asp130,HolA A149,"RzmA Y138, M143, Q136",CHAIN LENGTH,BRANCHES,LIPID TAIL MOL FILES (NON-STANDARD)
platinum_BGC0000296.fasta,CHEMONTID:0001994,Cyclic depsipeptides,12,O=C(C(C(C)C)NC(C1NC(C2=CC=C(C)C3=C2N=C(C(O3)=C4C)C(C(NC5C(NC(C(C)C)C(N(CCC6)C6C(N(C)CC(N(C)C(C(C)C)C(OC5C)=O)=O)=O)=O)=O)=O)=C(N)C4=O)=O)=O)N(CCC7)C7C(N(C)CC(N(C)C(C(C)C)C(OC1C)=O)=O)=O,AELPLTAAQREIWIAEQRLGKRNRVFRVGEYLEIHGRVDLGLFDRAVRLVVGEAQALHVRFTEAHGEVRQALRPPTDWAPTLVDLSAEPDPERAARAWLAAAVARPMDLAREHLFDHALLRLGDDRCYWYQGYHHIVMDAFGTVLITRRTAEVYTALAEGRPVSPSPFGSLDGFLAADQKYRDSEGFTGDRAYWTERFADRPEPTGIVARPSTTPDHYLRRTAALTPGELDGLREAARGARAPWSHLVIAAVAVYLHRMTGATDVVLGLPVTARLDQLQRRTPGTASNVLPLRLTV,HHIVMD,"H126, -131",-165,"-36,Y138,-148",,A149,"Y138, M143,Q136","non-standard, SMILES: NC(=O)C1=C(C(=C(C=C1)C)O)[N]",,https://drive.google.com/file/d/1DV2tNNm2zDT9T_9fe2pwrDx3nMml7qQf/view?usp=sharing
platinum_BGC0000299.fasta,CHEMONTID:0001994,Cyclic depsipeptides,5,C[C@@H](OC([C@H](NC([C@H](NC([C@@H](NC([C@H](NC1=O)C(C)C)=O)CC(N)=O)=O)CC(N)=O)=O)[C@H](CC)C)=O)[C@H]1NC(/C=C/C=C/C=C/C=C/C2=CC=C(O)C=C2)=O,N/A,N/A,N/A,N/A,N/A,,,,"non-standard, SMILES: NC(=O)/C=C/C=C/C=C/C=C/c1ccc(O)cc1",,
platinum_BGC0000309.fasta,CHEMONTID:0001994,Cyclic depsipeptides,6,O=C([C@H]([C@H](OC([C@H]1NC(CNC(C2=CC=CC(O)=C2O)=O)=O)=O)C)NC(CNC(C3=C(C(O)=CC=C3)O)=O)=O)O[C@@H]([C@@H](C(O[C@@H]1C)=O)NC(CNC(C4=CC=CC(O)=C4O)=O)=O)C,QYSLTGAQTGIWFAQQLDPDNPIYNTAEYIEINGPVNIALFEEALRHVIKEAESLHVRFGENMDGPWQMINPSPDVQLHVIDVSSEPDPEKTALNWMKADLAKPVDLGYAPLFNEALFIAGPDRFFWYQRIHHIAIDGFGFSLIAQRVASTYTALIKGQTAKSRSFGSLQAILEEDTDYRGSEQYEKDRQFWLDRFADAPEVVSLADRAPRTSNSFLRHTAYLPPSDVNALKEAARYFSGSWHEVMIAVSAVYVHRMTGSEDVVLGLPMMGRIGSASLNVPAMVMNLLPLRLTV,HHIAID,"-126, G131",-165,"-36,-138,-148",,-149,"-138, -143, Q136",DHBA,,
platinum_BGC0000314.fasta,CHEMONTID:0001994,Cyclic depsipeptides,4,CCC(C1C(OC(C(NC(/C=C/C=C/C=C/C=C/C2=CC=C(O)C(Br)=C2)=O)C(NC(C(NC(C(NC(C(N1)=O)C(CN)=O)=O)CC(N)=O)=O)C(C)C)=O)C)=O)C,N/A,N/A,N/A,N/A,N/A,,N/A,,"non-standard, SMILES: NC(=O)/C=C/C=C/C=C/C=C/c1ccc(O)c(Br)c1",,
platinum_BGC0000315.fasta,CHEMONTID:0001994,Cyclic depsipeptides,13,CCCC1OC1C(=O)N[C@@H](CO)C(=O)N[C@H]1[C@@H](C)OC(=O)[C@H](CC2=CNC3=CC=CC=C23)NC(=O)[C@@H](NC(=O)[C@H](NC(=O)CNC(=O)[C@H](CC(O)=O)NC(=O)[C@H](NC(=O)[C@H](CC(O)=O)NC(=O)[C@H](CC(O)=O)NC(=O)[C@@H](CC2=CNC3=CC=CC=C23)NC1=O)C1=CC=C(O)C=C1)[C@H](O)C(N)=O)C(C)CC(O)=O,RHGLTSAQHEVWLAQQLDPRGAHYRTGSCLEIDGPLDHAVLSRALRLTVAGTETLCSRFLTDEEGRPYRAYCPPAPEGSAAVEDPDGVPYTPVLLRHIDLSGHEDPEGEAQRWMDRDRATPLPLDRPGLSSHALFTLGGGRHLYYLGVHHIVIDGTSMALFYERLAEVYRALRDGRAVPAAAFGDTDRMVAGEEAYRASARYERDRAYWTGLFTDRPEPVSLTGRGGGRALAPTVRSLGLPPERTEVLGRAAEATGAHWARVVIAGVAAFLHRTTGARDVVVSVPVTGRYGANARITPGMVSNRLPLRLAV,HHIVID,"-126, -131",-165,"-36,Y138,R148",,A149,"Y138, -143,-136",6,"2,3|O",
platinum_BGC0000320.fasta,CHEMONTID:0001994,Cyclic depsipeptides,6,O=C1N[C@@H](C(C)C)C(O[C@H](CC(C)C)C(N[C@H](C)C(O[C@@H](C(C)C)C(N[C@@H](C(C)C)C(O[C@H](CC(C)C)C(N[C@H](C)C(O[C@@H](C(C)C)C(N[C@@H](C(C)C)C(O[C@H](CC(C)C)C(N[C@H](C)C(O[C@H]1C(C)C)=O)=O)=O)=O)=O)=O)=O)=O)=O)=O)=O,N/A,N/A,N/A,N/A,N/A,,,,N/A a tail,,
platinum_BGC0000329.fasta,CHEMONTID:0001994,Cyclic depsipeptides,22,CCCCCCCC(O)CC(N/C(C(N1CCCC1C(NC(C(NC(C(NC(C(NC(C(NC(C(N/C(C(NC(C(NC(C(NC(C(NC(C(NC(C(NC(C(NC(C(NC(C(N/C(C(NC2C(OC(C(NC(C(NC(C(NC(C(NC2=O)C)=O)CCN)=O)CO)=O)C(CC)C)=O)C)=O)=C/C)=O)C(C)C)=O)C)=O)C)=O)C)=O)=C)=O)C(CC)C)=O)C(C)C)=O)CCO)=O)=C\C)=O)C(C)C)=O)C(C)C)=O)C)=O)C)=O)C)=O)=O)=C\C)=O,N/A,N/A,N/A,N/A,N/A,,,,12,"1|OH, 3|OH",
platinum_BGC0000358.fasta,CHEMONTID:0001994,Cyclic depsipeptides,7,C[C@H]1[C@@H](NC(CC(O)CCCCCCCCCCCC/N=C(N)/N)=O)C(N[C@@H](C(C)C)C(N[C@H](CC2=CC=C(O)C=C2)C(N[C@@H]([C@H](O)C)C(N[C@@H](CC(N)=O)C(N[C@@H](C)C(O1)=O)=O)=O)=O)=O)=O,QSINLIIKQYDAFRIRITSVDGVPKQYVVPYEERQLECLDLTHIESISEVEALLEQHKSKPLPLLDSELFQFLIVKISEEEYWINIKIHHIISDGISMVVYGNQLIAFYMDLIQGNEPKLSDDCSYIEYIADENAYELSDRYQKDKAYWLDKFSDLPEPTGWKSYNPLSLSTQAVREHFTVPEALYRELQAFCQQNRISLFQFFMGAMYIYIHKVTNQPDVVIGTSFANRGNKKEKQKIGMFVSTAAART,N/A,,,,,,,,,
platinum_BGC0000381.fasta,CHEMONTID:0001994,Cyclic depsipeptides,7,O=C(NC(C(NC(C(NC(C(OC(CC(NC1CCC(N)=O)=O)CCCCCCCCCCC)=O)C(CC)C)=O)CC(C)C)=O)CC(O)=O)C(NC(C(NC(C(NC1=O)CC(C)C)=O)CC(C)C)=O)C(C)C,TFYPLTHAQRRIWYTEKFYPGTSVSNLSGFGKLKSASGIDSGLLTEAIRKFVRTNDTMRFRLMFEGEDEPKQYIAEDEPFQIEYFDASESGGADGVLKWGQAEARRPLPLYDSPLFKFAVVRISEEESWFFAKVHHIISDGISMTILGNRITDIYLKLAKGETDLEPVQSSFTEHIQSELEYENSKRFQKDKAYWNAQYEAIPEPVSLKASDTYQIQLDAARFSKEISPDLYKKIQTYCNEHNISVLSLFLSILHIYMHRVTGQKDVVLGTFMGNRTNAKEKQMLGMFVSTIPMKASI,HHIISD,"-126,-131",-165,"-36,-138,-148",,A149,"-138, -143,-136","non-standard, SMILES: CCCCCCCCCCCCOC(=O)C(N)C(C)CC",,
platinum_BGC0000399.fasta,CHEMONTID:0001994,Cyclic depsipeptides,10,CCCCCCCCCCCC(CC(NC(C(NC(C(NC1C(OC(C(C(C)C)NC(C(NC(C(NC(C(NC(C(NC(C(NC(C(C(CC)C)NC1=O)=O)CC(C)C)=O)CO)=O)CC(C)C)=O)CC(C)C)=O)CO)=O)=O)C)=O)CCC(O)=O)=O)CC(C)C)=O)O,RGLPLTAGQRDIWLDQLSRGDSPLYNIGGYAVLKGPFRPELMQRTVELLVDKHDVLRTVLSLEGSVDGLPLQHFDRQWPVELVFHDLSAAADPLAAAQAQIRRQMQQAFKLDGERLCRFSLFRVGPEHHLMEVEAHHLILDGWGFAQLSQSLGGLYSALASGEEPQATAPSFVDFIEDDARYHQSSRYARDRDYWLDKYQSLPEPVLRPRYRPAADAATPGATLVQAFPAALHERMKALGKSTGASAFHVLLAALHVYFTRTLQRDEWVLGMPVLNRPNAAFKVTLGSFTQVSAVRMDF,HHLILD,"-126, G131",-165,"-36,-138,-148",,-149,"-138, -143,-136",14,"1|O, 3|OH",
platinum_BGC0000415.fasta,CHEMONTID:0001994,Cyclic depsipeptides,11,C[C@H]1C(N(C)[C@H]2CS[C@H](SC)[C@H](N(C)C([C@H](C)NC([C@H](NC(C3=NC4=CC=CC=C4N=C3)=O)COC([C@H](C(C)C)N(C)C2=O)=O)=O)=O)C(N(C)[C@@H](C(C)C)C(OC[C@@H](NC(C5=NC6=CC=CC=C6N=C5)=O)C(N1)=O)=O)=O)=O,VTAVQEAMWLQQELAPDRPNNVVTLWDVDGDLDIPLITEALRTAVSEAGALTLNFRRDEGGLRAVARDPELPEPFHFDVSDAGDPGDAARAVVAELVSRPFDLGADALFRIGSIRLGATRHLVVLVFHHIVTDAFGVVTLLSRRIAEIYRALRSGSAVPELPANARGDARQKDAAYRASKRFAEAEQFWRDYVADEPTAARLPAGVRPAGDGRAAGHWDSLTEPLGMTTRTARIPAAELAAWRRTADALGTSLPDLLAAAATAFLQHMCAVPEPLHEFTVNHRVGALRRSLGLLSNRVPIRVEV,N/A,"H126, -131",-165,"-36,-138,-148",,A149,"-138, -143,-136","non-standard, SMILES: NC(=O)c2cnc1ccccc1n2",,
platinum_BGC0000433.fasta,CHEMONTID:0001994,Cyclic depsipeptides,7,O=C([C@@H](NC([C@@H](NC([C@@H](NC1=O)CC(C)C)=O)CC(C)C)=O)C(C)C)N[C@H](C(N[C@@H](C(N[C@H](C(O[C@@H](CC(N[C@H]1CCC(O)=O)=O)CCCCCCCCCC(C)C)=O)CC(C)C)=O)CC(C)C)=O)CC(O)=O,FYPLTNAQKRIWYTEKFYPNTSISNLAGFGKLISEDGVQAHYVEKAIQEFVRRYESMRIRLRLDDEGEPVQYVSEYRPLSIGHTDIRQAGCSADELSKWGREEAGKPLALYDQDLFRFSVHTISENEVWFYANVHHIISDGISMTILGNAITDIYLELSGGTSEEQTEIPSFIEHVLTEQEYVQSKRFKKDRDFWNGQFETVPELVSLKRSRADAGLDAKRFSQEIPHDLYGRIHSFCEEHKVSVLSLFQSALITYLYKVTGRDDVVTGTFMGNRTNAKEKQMLGMFVSTVPVRTSVD,HHIISD,"H126, -131",-165,"-36,Y138,-148",,A149,"Y138, -143,Q136",14,1|O,
platinum_BGC0000437.fasta,CHEMONTID:0001994,Cyclic depsipeptides,13,CCCCCCCCC[C@@H](CC(=O)N[C@H]1COC(=O)[C@@H](NC(=O)[C@@H](NC(=O)/C(=C/C)/NC(=O)[C@@H](NC(=O)[C@@H](NC(=O)[C@@H](NC(=O)[C@H](NC(=O)[C@H](NC1=O)CO)CCN)CCN)CCCN=C(N)N)Cc2ccccc2)[C@@H](C(=O)O)O)[C@@H](CCl)O)O,LLPLASVQQGIWLDQLAYPHLPYYNIGMTLEIKGDIDIALFEKAIQRVIDSHDALRLSFSHERGMGGQRVLSKAPFKLEVTDFPEVDGDTEQAIAHLRESFRHPFESMTGQLWESRLVRCGPQLHYWFNRLHHLVADGIGAVLIAHAVGDTYSGLLEGKETLAEGPSYLSFLEEDRAYMASCRYERDRLFWEQSYAQLPPVLLQRRADFKAGLTNVPAPSDQVQAMLPRALYNALTQFASECNLSVAHVLVGVISTYFCRTVGVDEIVVGMPVHNRTNARQKATIGMFSSVSPIRVGF,HHLVAD,"-126, G131",-165,"-36,-138,-148",,A149,"-138, -143,-136",12,"1|O, 3|OH",
platinum_BGC0000443.fasta,CHEMONTID:0001994,Cyclic depsipeptides,9,O=C(C[C@H]([C@@H](CCCCCCCCCCCC)O)O)N[C@@H](C(NC(O)(C(N[C@@H](C(N[C@H](C(N[C@H](C(N[C@@H]([C@@H](C)O)C(N/C(C(N[C@@H]1[C@H](C(O)=O)O)=O)=C/C)=O)=O)CC2=C(C=CN3)C3=CC=C2)=O)CCO)=O)CC(O)=O)=O)CCCN)=O)COC([C@H]([C@H](CCl)O)NC1=O)=O,THELASVQQGIWLDQIAHPDLPYYNIGMSLEIKGEIDIPLFEKAIELVANNHDALRLSFSHEGGIGRQRVLPEVKVKLDVVEFSEAEADAGLAMEYLRNAFRQPFPELTGQLWEARMVRCGPNRHYWLNRYHHLVTDGIGVALIGHAVGAAYNGLLAGNDEVAQGHSYLSFLEDDRAYLQSSRYERDREFWQETYAQLPPSLLQRRADFKTGQANELAPSAQVQAMLPRALYNDLTQFASERSLSVAHVLISVVATYFCRTVGVDEMVIGMPVHNRTNARTKETAGMFSSVSPIRLPVD,HHLVTD,"H126, G131",-165,"-36,Y138,-148",,-149,"Y138, -143,-136",16,"1|O, 3|OH, 4|OH",
platinum_BGC0000451.fasta,CHEMONTID:0001961,Depsipeptides,6,OC1=CC=CC(C(N[C@H](C(N[C@@H](COC([C@H](COC([C@@H](NC([C@H](CCCN)NC(C2=C(O)C(O)=CC=C2)=O)=O)CO)=O)NC([C@@H](NC(C3=C(O)C(O)=CC=C3)=O)CCCN)=O)=O)C(O)=O)=O)CCCN)=O)=C1O,N/A,N/A,N/A,N/A,N/A,,,,DHBA,,
platinum_BGC0000461.fasta,CHEMONTID:0001994,Cyclic depsipeptides,13,O=C([C@@H](N(C([C@H](NC([C@H](NC([C@H](NC1=O)CC(N)=O)=O)CC2=CNC3=C2C=CC=C3)=O)CCCN)=O)C)C(C)C)O[C@@H](CC(N[C@H](C(N[C@@H](C(N[C@H](C(NCC(N([C@H](CC4=CC=CC=C4)C(N[C@H](C(N[C@@H](C(N[C@H]1CCC(O)=O)=O)CCCN)=O)CC(C)C)=O)C)=O)=O)CO)=O)[C@H](C(N)=O)O)=O)CO)=O)CCCC(C)C,PLSTAQSEMWFAQELDADNWLYHSCGYLDIGGPLDLARFEQALRRFVAETDALHLRFLDGPDGPLQCIGEAPALPFETVDLSAHAQPFQAALSAMRADMRRVFDLRSSRLFNYIVFKLGEERHLWYKRYHHIVLDGAGSSLDIVRVARIYTALCRGEEVPASDLGGISALLDDDRDYRESDRCRRDQAFWRDYARTLSETTALSGRPLARTSTFRRCALPIPPSLAAALMAAQTRDSKWPQLMTAAVAAYLYRISGGKVDTFDFPVAARAKQLRHVPGTTANVLPVRLG,HHIVLD,"-126, G131",-165,"-36,Y138,-148",,A149,"Y138, -143,-136",9,"1|O, 7|C",
platinum_BGC0000462_merged.fasta,CHEMONTID:0001994,Cyclic depsipeptides,9,O=C(N[C@H]1[C@@H](OC([C@@H](NC([C@H](NC([C@@H](NC([C@H](NC([C@H](NC([C@H](NC1=O)C(C)C)=O)CC(C)C)=O)CO)=O)CC(C)C)=O)CO)=O)[C@@H](C)CC)=O)C)[C@@H](CCC(O)=O)NC([C@H](CC(C)C)NC(C[C@H](CCCCCCC)O)=O)=O,DTYPLTSAQRDIWLDQLSKGDSPLYTIGGYVELTGELRPDTLHHALQQLVAANPVLRTELLPGAGADGLPMQRFAEHATLALPVLDLSTEADPAAAATALIQAQMGQGYRFDGTALLRFALIRLGPERHWLATQAHHLILDGWGFGQMLKALGEHYTALLEGGEAPRAQVGYADFIDEDRQYQGSMRQARDRAYWLKRFASVPEPLLAARHHYRRATDEAPSRTWVQAFPDALHGRMKRLAEAHQASAFHVLLAALHVLFSRSAQREDWVVGLPLLNRGGARFKATLGTFVQVSAVPLA,N/A,,,,,,,,,
platinum_BGC0000463.fasta,CHEMONTID:0001994,Cyclic depsipeptides,14,CC(C)C[C@@H](C(N[C@H](C(N[C@H](C(N[C@H](C(N[C@H](C(N[C@H](C(N[C@H](C(N[C@H](C(N[C@H](C(N[C@H](C(N[C@H](C(N[C@H](C(N[C@H](C(N[C@]([H])1[C@@H](C)CC)=O)CCC(N)=O)=O)CC(C)C)=O)CC(C)C)=O)CCC(N)=O)=O)CC(C)C)=O)C(C)C)=O)COC1=O)=O)CCC(N)=O)=O)CC(C)C)=O)C(C)C)=O)CCC(N)=O)=O)CCC(O)=O)=O)NC(CC(CCCCCCC)O)=O,N/A,N/A,N/A,N/A,N/A,,,,10,"1|O, 3|OH",
platinum_BGC0000985.fasta,CHEMONTID:0001994,Cyclic depsipeptides,7,CC[C@H](C)[C@@H]1NC([C@@H](NC([C@H](CC(C)C)N(C)C([C@@H]2CCCN2C([C@H](C)O)=O)=O)=O)[C@@H](C)OC([C@H](CC3=CC=C(OC)C=C3)N(C)C([C@@H]4CCCN4C([C@H](CC(C)C)NC([C@H](C)C([C@@H](OC(C[C@@H]1O)=O)C(C)C)=O)=O)=O)=O)=O)=O,QNIWLDERLNTGPGSYHIGGYVELRGPLDIDIFGAALKAVAAAHAGLHMQPVPEGDGFRLLAYQDTFSSPVSVDLSQEGNPAAAANAWMAADFRRMFPAGAPLFRWGLIRLTADRHFWTKTYHHLIVDGHAISRIVQDAAHAYTSLLAGRVPGLAGSDPLAIGDPLAGDGVSARHHWSTVLAAAPPVLNPVPPLPPPDLGPPDLTPPEPGMPGRRTRIGLERGVYDGLARLAAQAGAGLPQLLLVLASAALLRRAGRDALVAGLPVANRPTAAHKAAVGLFATMQPVIVAI,N/A,"-126,-131",-165,"-36,Y138,-148",,A149,"Y138, -143,-136","non-standard, SMILES: CC(C)CC(CC(N)=O)N(C)C(=O)C1CCCN1C(=O)C(C)O",,
platinum_BGC0001050.fasta,CHEMONTID:0001994,Cyclic depsipeptides,7,CCCCCC/C=C\CC(=O)N[C@@H](CO)C(=O)N[C@@H](C(C)C)C(=O)N[C@@H](CO)[C@H](CC(=O)N[C@@H](C(C)C)C(=O)N[C@H]\1COC(=O)[C@@H](N(C(=O)[C@@H](NC(=O)/C=C1)C(C)C)C)Cc2ccc(cc2)O)O,PMPLSGAQAAIWAELAAGGVATTFYNIADQISLNGPLDPAAFRAALYHVHRAADVSRLRFAADDGVPVQWFDATPGRFDFALIDLSDAEDPETLVTEEFHALRLRPFDLMHGPLNRHRLIRLAPDRHCWIRCYHHLITDGLGGVMTAAATAAAYDAYKQGAPLPDPAFLPYGDHLTREAAHAAGAAGAADLAYWRARLAGDIHPHSFGHTMRPGGQPVTANPVTANPAAAGARRTAILGAEAPPQSVIRPLGAARMAALDALAGRLGINARSSVMLALFLALLGRSVGTDTPSCTTLLSNRLTRADRRTLGQFAYTVPFW,HHLITD,"-126, -131",-165,"Q36,Y138,-148",,-149,"Y138, -143,-136",10,"1|O, 3-4(double bond)",
platinum_BGC0001095.fasta,CHEMONTID:0001994,Cyclic depsipeptides,12,CCCCCCCCCCCCCC(CC(=O)N[C@@H](CCC(=O)O)C(=O)N[C@H](CCCN)C(=O)N[C@@H]1CC2=CC=C(C=C2)OC(=O)[C@@H](NC(=O)[C@@H](NC(=O)[C@@H](NC(=O)[C@@H]3CCCN3C(=O)[C@H](NC(=O)[C@@H](NC(=O)[C@@H](NC1=O)[C@H](C)O)CCC(=O)O)C)CCC(=O)N)CC4=CC=C(C=C4)O)[C@H](C)CC)O,TVYSLTHAQRRVWFTELLEPGTSICNLAACVKFRGDIDFDVLRHALDFSISQNDSLRFQLTEGDGSEPQLYLAGHRPISLETVDFTHTDQAERDAWIDTQTRVPFKLFHSPLYHFTLLVMSDEEVWLYSKFHHIIMDGISLNLLGNQLIDIYQKIMRSEDLAEHHRPSYLSYMEKEQQYLQSSRFQKDRSFWTETYRTVPEHLSLAERTSHLRQSTAASRDTITLSHSLEQSIRRFCKENNISIISLFMASLYICISRLTAKKDIAIGTYYGNRGSRLEKDMLGMFVSTLPIRMTA,HHIIMD,"H126, -131",-165,"-36,Y138,-148",,-149,"Y138, M143,-136",16,"1|O, 3|OH",
platinum_BGC0001185.fasta,CHEMONTID:0001994,Cyclic depsipeptides,6,O=C([C@H]([C@H](OC([C@H]1NC(CNC(C2=CC=CC(O)=C2O)=O)=O)=O)C)NC(CNC(C3=C(C(O)=CC=C3)O)=O)=O)O[C@@H]([C@@H](C(O[C@@H]1C)=O)NC(CNC(C4=CC=CC(O)=C4O)=O)=O)C,QQLPLTGAQAGIWFAQQLDPDNPIYNTGEYVEINGAIDVNIFKTALERVLTEAASLHARFEEGADGPKQIINPPFEVAIDVIDVSSEAVPKQAALRLMQTDLAEPVDMAAGPLFRDILFQAGPERFFWYQRIHHIAIDGYGFSLLARRTAQMYTAIREGRPDNGRSFGSLEDLVKEDQEYRASDQFLKDREFWMEKFADEPDVVSLAERAPRTSTRFRRSTAYLSETALQHVKAIPNWHEAVTAAAAVYVYRMTNAGDIVLGLPMMGRIGSISLNIPSMVMNLLPLRLSL,HHIAID,"H126, G131",-165,"-36,-138,-148",,-149,"-138,-143,Q136",DHBA,,
platinum_BGC0001214.fasta,CHEMONTID:0001994,Cyclic depsipeptides,7,O=C(N[C@H]([C@@H](C)CC)C(N(NCCC1)[C@@H]1C(N[C@@H](CC(C)C)C(N(C)[C@@H](C(C)C)C(O[C@H](C)[C@@H]2NC([C@@H](NC=O)C(C)C)=O)=O)=O)=O)=O)[C@@H](CC3=CC=C(OC)C=C3)NC2=O,MWFAQQLDPQNPIFSWGEYLEIHGPVDAVIFESALRRVISEAEAMRARVVTESGAVGQTIEPLPERLLQVVDVSDEPDPVRAAERIMRSDLARPMDLVYGPAFTQILFQAAPDRFLWYQRIHHVVIDGYGLSLVVRRVADVYSALVRGLPADEGAFPPLRDLLDEDTAYRESAAYAEDREYWLGRLGDHPEVPALAEGTPVTSSRFHRHSTWLGPDAAHELTASAREIGASMPRLMIAAAAAYVHRMTGATDVVLGLPVTGRTSDAARAVPGMASNVMPFRLRV,N/A,"-126, G131",-165,"-36,-138,-148",,-149,"-138, -143,Q136","non-standard, SMILES: CC(C)C(NC=O)C(N)=O",,
platinum_BGC0001228.fasta,CHEMONTID:0001994,Cyclic depsipeptides,10,O=C(C1=NC2=CC=CC=C2C=C1O)N[C@H]3C(NC(C(N(C4C(N(C5(C(O[C@@H]([C@H](C(NC(C(N(C(C(N(C6(C(O[C@@H]3C)=O)C(C6)C)C)=O)C(SC4)S(C)=O)C)=O)C)=O)NC(C7=NC8=CC=CC=C8C=C7O)=O)C)=O)C(C5)C)C)=O)C)=O)C)=O,TGVTAAQEAMWLAQEFVPAQPNNVVTLWEIDGNLDVARMTSALRHSVGEAAAVRVNFQREELLRQVVRDAGGWEPFHHDVSGLADPDGEARALVASLTWQPFDLARDALLRLGTIRLSATRHLLVLIFHHIITDAFGVVTLLSQRIAQVYQELMRNAEVPASDWPPPEDAVRADEAYLSSRRCADAERFWQEYLSGAPTAARLPDGVRSPAADLAAPAGPWDFLTAPLGMVTRTVPVPAADRLAWERRAQESATGVTDLLTAAAVAYLQRMCDVSEPLHSITVNQRTGRARRSLGLLSNRVPMRVTI,HHIITD,"H126, -131",-165,"Q36,-138,R148",,A149,"-138,-143,-136","non-standard, SMILES: NC(=O)c2nc1ccccc1cc2O",,
platinum_BGC0001297.fasta,CHEMONTID:0001994,Cyclic depsipeptides,7,O=C([C@@H](NC(/C=C/C(C=CC=C1)=C1/C=C\CCC)=O)[C@@H](C)OC2=O)N(C)/C(C(N[C@@H](CC(C)C)C(N[C@H](CC3=CC=CC=C3)C(N[C@@H]([C@H](C)O)C(N[C@@H](CC(N)=O)C(N[C@H]2CO)=O)=O)=O)=O)=O)=C/C(C=C4)=CC=C4O,TVLPLTAGQAGIWYAQSLSGPNATFNAALYLDIEGAVDERLFVAAMRQVVTEAEALRARITDDGTGPVQVLEPVGDWAEQPVQVVDFTAAETPWQDAEAWMWADAGTPLDMSGEPLYRFALLKVADDRSLFYYRYHHVVMDAAGASLVAARVADVYTRLVAGEDTADGAFPPLRELIEDEAAYRRSAAFEADREYWTARFADTPAVPSLGDRPTAMPHHQLRGGARVPAAVAAEVRDAARTVGVGWPAAVLAALAAYTSRITGSSDVVVALSVAARTTAAGRAVPGMVSNVIGVRLDV,HHVVMD,"-126, -131",-165,"-36,Y138,-148",,A149,"Y138,M143,-136",12,,
platinum_BGC0001312.fasta,CHEMONTID:0001994,Cyclic depsipeptides,9,O=C(N[C@H](C(C)C)C(N[C@H](CC(C)C)C(N[C@H](CO)C(N[C@@H](CC(C)C)C(N[C@H](CO)C(N[C@@H]([C@@H](C)CC)C(O[C@H]1C)=O)=O)=O)=O)=O)=O)[C@H]1NC([C@@H](CCC(O)=O)NC([C@H](CC(C)C)NC(CC(CCCCCCC)O)=O)=O)=O,N/A,N/A,N/A,N/A,N/A,,,,10,"1|O, 3|OH",
platinum_BGC0001346.fasta,CHEMONTID:0001994,Cyclic depsipeptides,9,O=C(N[C@H]1[C@@H](OC([C@@H](NC([C@H](NC([C@@H](NC([C@H](NC([C@H](NC([C@H](NC1=O)C(C)C)=O)CC(C)C)=O)CO)=O)CC(C)C)=O)CO)=O)[C@@H](C)CC)=O)C)[C@@H](CCC(O)=O)NC([C@H](CC(C)C)NC(C[C@H](CCCCCCC)O)=O)=O,ETFPLTAAQRDIWLDQVRQGDSPVYNIGGYVEMTGALDPALMQAALEGLVARHDAMRTSLLPGAGEQGLPLQRFLPSMPVPMPFHDFSAHPEPQAAARRLTQERIEQPFKLDGGPLFRFCLIRLDERCHWFSLQAHHLIVDGWGFGEMLKSLGDIYNALALGQVPPDSAPSYIDFIHDDARYYQSDRYGRDRAYWLDKYRHLPEPLLLPRYQERFAGATAPTRIFSQRFPARLHERMKQVAHEYGASALHFLLAAMHVYLSRTGQRDEWVVGLPLLNRSGARFKSTLGLFTQVSAVRMG,N/A,,,,,,,,,
platinum_BGC0001347_merged.fasta,CHEMONTID:0001994,Cyclic depsipeptides,10,CCCCCCC[C@@H](O)CC(N[C@@H](CC(C)C)C(N[C@@H](CCC(O)=O)C(N[C@H](C(N[C@@H]([C@H](CC)C)C(N[C@H](C(N[C@H](CO)C(N[C@@H](CC(C)C)C(N[C@H](C(N[C@@H](C(N[C@H]1[C@H](CC)C)=O)CO)=O)CC(C)C)=O)=O)=O)CC(C)C)=O)=O)[C@H](OC1=O)C)=O)=O)=O,SFPLTAAQHDIWLDQLRVGHSPLYNIGGYVDLAGAVAPALIQRAIELLVARHDALRTQLHSGADGLPRQTFAAEWTVEVPQYDFCGLPDPEAAAQSLIQAQMARPYAMSGEPLFGFFLIKLDDDHYRLGTQAHHLILDGWGFGQMLQSLAQLYTAVQHGRQPEGLAPSYIDYIDTDQRYRQSARYARDRDYWLDKYQVLPEPLLTPRHTAKAASNTCVQPFPVALLKRMEHVASRYQASAFHVLLAALYVYFTRTGQRDEWVVGLPMLNRSNARFRATVGLFAQVSAVRLQF,N/A,,,,,,,,,
platinum_BGC0001406.fasta,CHEMONTID:0001994,Cyclic depsipeptides,13,O[C@@H]([C@H]1C(O[C@@H]([C@@H]2NC([C@@H](NC(C[C@H](N)C(O)=O)=O)CO)=O)C)=O)CCN1C([C@@H](NC([C@H]([C@H](C3=CNC4=CC=CC=C34)C)NC(/C(NC([C@@H]5[C@@H](O)CCN5C(CNC([C@H](C)NC([C@H]([C@@H](O)C)NC2=O)=O)=O)=O)=O)=C\C6=CNC7=C6C=CC=C7)=O)=O)[C@@H](O)C(C)C)=O,YRASSAQLGIWVAQQLQPDSPLYNCGVFYDIDAPVDPVLLDRAVVRAVEDTAALRVRFTEDDEGLWLRTVPEAATPRHVDLGGEEDPYAAALAWMRDDLATPVDPARDTLYGHALLTLAPNRHLLVFRYHHIALDGWGQILHCRRIAELYTAFAKDADTPATPFGTLHDLLADDAAYLGSPAHARDAAYWRATLADPPEPPRLAAGSEQPAHSELRAGARLSEPQVAALSAAAGAARTRWTVVLVAAVAAYLHRLTSVRDVVLGFPVAARTSRTALTTPGMLANEVPLRLHVH,HHIALD,"-126, G131",-165,"-36,Y138,-148",,-149,"Y138,-143,-136","non-standard, SMILES: NC(=O)C(CO)NC(=O)CC(N)C(=O)O",,
platinum_FK228.fasta,CHEMONTID:0001994,Cyclic depsipeptides,4,O=C1N/C(C(N[C@@H](C(C)C)C(O[C@H](/C=C/CCSSC[C@H]1NC2=O)CC(N[C@@H]2C(C)C)=O)=O)=O)=C\C,N/A,N/A,,,,,,,,,
platinum_SW-163.fasta,CHEMONTID:0001994,Cyclic depsipeptides,10,CC1CC12N(C(C3CSSCC(C(N(C4(C(OCC(C(NC(C(N3C)=O)C)=O)NC(C5=NC6=CC=CC=C6C=C5O)=O)=O)CC4C)C)=O)N(C(C(NC(C(NC(C7=NC8=CC=CC=C8C=C7O)=O)COC2=O)=O)C)=O)C)=O)C,GVTAAQEAMWLAQKFAPAQPNNVVTLWNVDGGLDVPLFTSALHMVMAETDPLWVNFRRGADGLRVIARDPGTWAPFHLDVQDAPDPDDAARAAVASLTSEPFDLARDALLRVGSIRLGPDRHLVVLIFHHILTDAFGVLMLLSRRIAEVYRALYEKSDVPGCVARPAGDAAAADAAYRTSRRFADAERFWRDYLAGEPTAARLPTGVRPPEGAPPSERGPWDFLTGPLGMTTRTATVPAAERASWEGAAQRLKTSVPDLLSAAAAAYLQLMCGPSAPLHTITVNHRTGAARQALGLYSNRIPIRAA,N/A,,,,,,,,,
platinum_anabaenopeptilide.fasta,CHEMONTID:0001994,Cyclic depsipeptides,7,[H]C(NC(CCC(N)=O)C(NC1C(NC(C(NC2C(N(C(C(O)C)C(N(C)C(C(NC(C(C)CC)C(OC1C)=O)=O)CC3=CC(Cl)=C(OC)C=C3)=O)C(O)CC2)=O)=O)CCC4=CC=C(O)C=C4)=O)=O)=O,N/A,N/A,,,,,,,,,
platinum_arthrofactin.fasta (BGC0000305),CHEMONTID:0001994,Cyclic depsipeptides,11,CCCCCCCC(CC(NC(C(NC(C(NC1C(OC(C(NC(C(C(CC)C)NC(C(C(CC)C)NC(C(NC(C(NC(C(NC(C(NC(C(NC1=O)CC(C)C)=O)CC(C)C)=O)CO)=O)CC(C)C)=O)CO)=O)=O)=O)CC(O)=O)=O)C)=O)CC(O)=O)=O)CC(C)C)=O)O,QTYPLTAAQLDIWLDQLSRGDSPLYNIGGYLDLSGPLDPARMQAALEALVARHDALRTILLPGAGADGLPLQQFARSVAVPMPIDDVSAHSDPESAARALVQARIDQPFVLDGGCLLRFLLIRLNDQRHWLSVQAHHLIVDGWGFGEMFKSLDEIYNALAHGQPTPVAAPSYIDFIEANARYQASPRYAQDRAYWLDKYRQLPEPLLLPRHQQSLAGQTAQTQVYAQPLPALLHERMQQVARAFGASAFHVLLAALHVYFSRTAQRDEWVVGLPILNRSGARFKSTLGLFAQVSAVRMG,HHLIVD,"-126, G131",-165,"-36,-138,-148",,-149,"-138,-143,Q136",10,"1|O, 3|OH",
platinum_bacillibactin.fasta (BGC0000309) repeat,CHEMONTID:0001994,Cyclic depsipeptides,6,O=C([C@H]([C@H](OC([C@H]1NC(CNC(C2=CC=CC(O)=C2O)=O)=O)=O)C)NC(CNC(C3=C(C(O)=CC=C3)O)=O)=O)O[C@@H]([C@@H](C(O[C@@H]1C)=O)NC(CNC(C4=CC=CC(O)=C4O)=O)=O)C,,,,,,,,,,,
platinum_burkholdac.fasta (BGC0000964),CHEMONTID:0001994,Cyclic depsipeptides,2,O=C1C[C@H](OC2=O)/C=C/CCSSC[C@@H](NC([C@@H](CCSC)N1)=O)C(N[C@H](C(C)C)[C@@H](O)C2)=O,N/A,N/A,N/A,N/A,N/A,,,,N/A a lipid tail,,
platinum_cyanopeptolin.fasta (BGC0000332),CHEMONTID:0001994,Cyclic depsipeptides,8,O=C([C@@H](N1C2=O)CC(C)C)N([C@H](C(N[C@H](C(O[C@@H]([C@@H](C(N[C@H](C(N[C@H]2CC[C@H]1O)=O)CCCNC(N)=N)=O)NC([C@H](CC(O)=O)NC(CCCCC)=O)=O)C)=O)C(C)C)=O)CC3=CC=CC=C3)C,N/A,N/A,N/A,N/A,N/A,,,,"non-standard, SMILES: NCCCC/N=C(N)/N",,
platinum_daptomycin.fasta (BGC0000336),CHEMONTID:0001994,Cyclic depsipeptides,14,CCCCCCCCCC(N[C@H](C(N[C@@H](C(N[C@H](C(N[C@H]1[C@H](C)OC([C@H](CC(C2=CC=CC=C2N)=O)NC([C@H]([C@@H](CC(O)=O)C)NC([C@@H](CO)NC(CNC([C@H](CC(O)=O)NC([C@@H](C)NC([C@H](CC(O)=O)NC([C@H](CCCN)NC(CNC1=O)=O)=O)=O)=O)=O)=O)=O)=O)=O)=O)CC(O)=O)=O)CC(N)=O)=O)CC3=CNC4=CC=CC=C43)=O,QRLGVTAAQQSVWLAGQLADDHRLYHCAAYLSLTGSIDPRTLGTAVRRTLDETEALRTRFVPQDGELLQILEPGAGQLLLEADFSGDPDPERAAHDWMHAALAAPVRLDRAGTATHALLTLGPSRHLLYFGYHHIALDGYGALLHLRRLAHVYTALSNGDDPGPCPFGPLAGVLTEEAAYRDSDNHRRDGEFWTRSLAGADEAPGLSEREAGALAVPLRRTVELSGERTEKLAASAAATGARWSSLLVAATAAFVRRHAAADDTVIGLPVTARLTGPALRTPCMLANDVPLRLD,HHIALD,"-126, G131",-165,"-36,Y138,-148",,A149,"Y138,-143,-136",10,1|O,
platinum_depsidomycin.fasta,CHEMONTID:0001994,Cyclic depsipeptides,7,CCC(C(NC=O)C(NC1C(C)OC(C2CCCNN2C(C(CC(C)C)NC(C3CCCNN3C(C(C(C)C)NC(C(CC(C)C)NC1=O)=O)=O)=O)=O)=O)=O)C,WPLSAAQSGMWFAQQLDPDNPIFTWGEYLDIRGELDTELFETALRTVIGEAETMRARVVTGSGAVGQAVRPDSGWRLRHVDVSDEPDPALAAERWMRADLARPMDLEREAAFTQVLFRAAPDRVLWYQRIHHVMIDGFGLSLIVRRVAQVYTALVAGTPHEDEAFGSLRLLLDEDSDYRGSAEHEADREYWLERVGDLPEVPVLAEGPAVTAATFIRRSVHLDAAAVDALGEAARGIGASWPRLVIAATAAYMHRVTGATDVVLGLPVTGRVSDTERAVPGMASNIMPFRLTV,N/A,,,,,,,,,
platinum_echinomycin.fasta (BGC0000339),CHEMONTID:0001994,Cyclic depsipeptides,11,C[C@H]1C(N(C)[C@H]2CS[C@H](SC)[C@H](N(C)C([C@H](C)NC([C@H](NC(C3=NC4=CC=CC=C4N=C3)=O)COC([C@H](C(C)C)N(C)C2=O)=O)=O)=O)C(N(C)[C@@H](C(C)C)C(OC[C@@H](NC(C5=NC6=CC=CC=C6N=C5)=O)C(N1)=O)=O)=O)=O,VTSAQEAMWLAQEFSPEVPNNVATLWDIDGDLDTALLADALRAAVAEADALKVNFRRDDDVLRPVVRDLSEWEPFRLDVGDAADPADAARAVVADLVRRPFDLAEDALLRTGSIRLGPGRHLLVLVFHHILTDAFGVLTLLSGRIAEIYRALRAGSGVPAGAPNPPQDAADKDAAYRTSKRFADAERFWPDYLAGDLPAARLPAGVRPPAGAAGGEPGYWDGLTEPQGMFTRTTTVPAAELADWERASRATGTSVPDLIASAATAFLGHMCGLAEPLLTITVNHRVGALRRSLGLLSNRVPLGSRVD,HHILTD,"-126, -131",-165,"-36,-138,Y148",,-149,"-138,-143,-136","non-standard, SMILES: NC(=O)c2cnc1ccccc1n2",,
platinum_enduracidin.fasta (BGC0000341),CHEMONTID:0001994,Cyclic depsipeptides,18,O=C(N[C@@H](CC(O)=O)C(N[C@@H]([C@@H](C)OC([C@@H](NC([C@@H](C)NC([C@H](CC1CNC(N1)=N)NC(CNC([C@H](C2=CC(Cl)=C(C(Cl)=C2)O)NC([C@@H](CO)NC([C@H](C3=CC=C(C=C3)O)NC([C@@H](CC4CNC(N4)=N)NC([C@@H](NC([C@@H](NC(C(C5=CC=C(C=C5)O)NC([C@H](C6=CC=C(C=C6)O)NC([C@@H]([C@H](O)C)NC([C@@H](CCCN)NC([C@@H](C7=CC=C(C=C7)O)N8)=O)=O)=O)=O)=O)[C@H](C)O)=O)CCCCC(N)=O)=O)=O)=O)=O)=O)=O)=O)=O)C9=CC=C(C=C9)O)=O)C8=O)=O)/C=C\C=C\CCCCC(C)C,RLTSGQLGVWYAQQLEPLSPVYNIAEYVEIRGDVDVGLLVSALRSALDEAQTYRLRFRQEDAGPGQYVDDSLELPVHVADLGSAGDPRAAAVEWMTADLDRPADPLTGPLAAHAVFRLGPGHVLWYQRAHHLVLDGTSLSVFAARVADLYTASASGRPPAGGAPGPLSVLLDADRSYLRSEEYARDRRFWREYLADLPGQGAARGDRTRSLPGRPLLHTHPNDASAATELREAARRLRTSPAVLSLTAAALYRHRTTGTRDVVLGVPVTGRTTGRELGIPGMTSNVVPLRLSL,HHLVLD,"-126, -131",-165,"-36,-138,R138",,-149,"-138,-143,Q136",There is no N-terminus,,
platinum_enterobactin.fasta (BGC0000343),CHEMONTID:0001994,Cyclic depsipeptides,3,O=C(N[C@@H]1C(OC[C@@H](C(OC[C@@H](C(OC1)=O)NC(C2=CC=CC(O)=C2O)=O)=O)NC(C3=CC=CC(O)=C3O)=O)=O)C4=C(O)C(O)=CC=C4,LGVAQLGLWHGYVLNEDRAMFNTAECIAFAGKIQPAQLIAALRQAVSECEALSGHFVVDGEQVLFNPVELPLSVAQLHIPTGVDAQAWVQQWGMTDIRQAFDLERERPGRFTLLQGEQVDFLYGCIHHIALDGYGSNLLYQRVADLYGAALRGEPAAPCEFGDYAAVLAEDAERESQGRTATAQDYWREQLGALPEAVSFSERVAPISATFLRHSAVLPPGLWQALNQLAEANKIGWPDLLLAALSAQLRQVSGSAAQVLGLMVMNRMGSASFNVPCMQMNIAPLCLD,HHIALD,"-126, G131",-165,"-36,Y138,-148",,-149,"Y138,-143,Q136",DHBA,,
platinum_entolysin.fasta (BGC0000344),CHEMONTID:0001994,Cyclic depsipeptides,14,O=C(N[C@@H](CC(C)C)C(N[C@@H](CCC(O)=O)C(N[C@@H](CCC(N)=O)C(N[C@@H](C(C)C)C(N[C@@H](CC(C)C)C(N[C@@H](CCC(N)=O)C(N[C@@H](C(C)C)C(N[C@@H](CC(C)C)C(N[C@@H](CCC(N)=O)C(N[C@@H](COC([C@@H](NC([C@H](CO)NC1=O)=O)[C@@H](C)CC)=O)C(N[C@@H](C(C)C)C(N[C@H]1CC(C)C)=O)=O)=O)=O)=O)=O)=O)=O)=O)=O)=O)CC(CCCCCCC)O,N/A,N/A,N/A,N/A,N/A,,,,10,"1|O, 3|OH",
platinum_fusaricidin.fasta (BGC0001152),CHEMONTID:0001994,Cyclic depsipeptides,7,O=C(CC(CCCCCCCCCCCCNC(N)=N)O)N[C@H]1[C@@H](OC([C@@H](C)NC([C@H](NC([C@@]([C@H](C)O)([H])NC([C@@H](NC([C@H](NC1=O)C(C)C)=O)C(C)C)=O)=O)CC(N)=O)=O)=O)C,QLYDLTNAQKRIWYTELLYPDTSVSQLSGTAKMKGHINIAAFMQSINLIIKQYDAFRIRITSVDGVPQQYVVPYEERQLECLDLSHYESVSEVEALLEQHKRKPLPLLDSELFQFLIVKISEEEYWINIKMHHIISDGISMVVYGNQLTAFYMELIQGNEPKLGDDCSYIQYIADENAYELSDRYQKDKAYWLDKFSDLPELTGWKSYNPLSLSTHAVREHFTVPEVLYHELQAFCQQNRISLFQFFMGAMYIYIHKMTNQPDVVIGTSFANRGNKKEKQKIGMFVSTAAAR,HHIISD,"-126, G131",-165,"Q36,-138,-148",,-149,"-138,-143,-136","non-standard, SMILES: N=C(N)NCCCCCCCCCCCCC(O)CC(N)=O",,
platinum_griselimycin.fasta (BGC0001414),CHEMONTID:0001994,Cyclic depsipeptides,10,O=C(N1CCC[C@H]1C(N([C@@H](C(NC2)=O)CC(C)C)C)=O)[C@@H](N(C([C@@H](NC([C@@H]3C[C@@H](C)CN3C([C@@H](NC([C@@H](N(C([C@@H]4C[C@@H](C)CN4C([C@@H](N(C(C)=O)C)C(C)C)=O)=O)C)[C@H](OC2=O)C)=O)CC(C)C)=O)=O)CC(C)C)=O)C)C(C)C,LSAAQREIWFSQQQDLENPLYRVGEYLDISGDIDLTLFERALRTVVAQTETLHVRFTEGQEGPEQVVERKEDWDLPVIDLSDVDDPLSVAERWMREDLGRSIDITVGPVFSYALFRISRNRVVWYQGYHHIAMDAFAMGVVARRVADSYNRLSRNEGVLGGDDSVALLLDDDASYRASEDLARDREFWMGRLADLPEPVELAGRTAPASGKFHRVSMTFSDVHGGDAVRGDRDLRGWAVTLTAAAAAYVYRATGQVDFLLGFAAAARPGADLKQVAGMMSNLLPLKLTV,HHIAMD,"-126, -131",-165,"-36,Y138,-148",,A149,"Y138,M143,Q136","non-standard, SMILES: CC(=O)N(C)C(C(=O)N1CC(C)CC1C(=O)N(C)CC(N)=O)C(C)C",,
platinum_griseobactin.fasta,CHEMONTID:0001994,Cyclic depsipeptides,9,C[C@H]1OC([C@@H](NC([C@H](CCCNC(N)=N)NC(C2=CC=CC(O)=C2O)=O)=O)[C@@H](C)OC([C@@H](NC([C@H](CCCNC(N)=N)NC(C3=CC=CC(O)=C3O)=O)=O)[C@@H](C)OC([C@H]1NC([C@H](CCCNC(N)=N)NC(C4=CC=CC(O)=C4O)=O)=O)=O)=O)=O,GLPLLTAQSGIYYAHQLAPLGTEFNTADCVEIDGPLDADLFVAALGRAVGEAETLALRVTETGGVPVQRIAPAAEPVVARLEMTEADAEAWMREDLARPVDLAAEGSLMTQALIRVGEGRHRWYQRVHHIAVDAYALSLIGQRVAELYRALVAEEPLPESRFAPLSELTEQEGSYLAGEEYAADRAFWSARMAGSAVAAPRRSPAAALAGEAADGGGPHRTTDLPAETLERLSSAARAAKATWAELVVAATAGHLHRLTGAEDVVLGLPLSNRRGPSALRTPAMTVNVLPLRIAV,N/A,,,,,,,,,
platinum_hassallidin.fasta (BGC0001614),CHEMONTID:0002250,Cyclic glycodepsipeptides,9,O[C@@H]1[C@H]([C@H]([C@H](O[C@H]1CO)OC(C2N(C)C(CNC(C(CCC(N)=O)NC(/C(NC(C(CC3=CC=C(C=C3)O)NC(C(C(C)O)NC(C(NC(C(NC(C(C(O)CCCCCCCCCCC)O)=O)C(O)C)=O)C(C)OC(C(CCC(N)=O)NC2=O)=O)=O)=O)=O)=C/C)=O)=O)=O)C)O)O,QVLPLTINQREIYIEQMMWPEGTHLNIGATVTVHGAFNIEVFNEAMNRVICYHPGLRTRIYELEGNPLQTIALHKDTRVKLVDFSTYENSEEQAEDYINKQFIQPFHFGKDACLVDFQLIRTSSQKHIIFAKYHHTITDGWGTAIFFREVIVTYNQILKDGVATQTQKDWSLVEYLQQESEYLKSDNFQRDRDYWIKRLQGLSPKLFSQIQPQKLIGQRQSIYISRQTYDRVSSLCLAIQSNIFHFILSILTICLSNRYEKKDLVVGLSLLNRNKKNFKDAINLFVSTIPFRLKID,HHTITD,"-126, G131",-165,"-36,Y138,-148",,A149,"Y138,-143,-136",16,"1|O, 2|OH, 3|OH",
platinum_himastatin.fasta (BGC0001117),CHEMONTID:0001994,Cyclic depsipeptides,10,O=C(N1[C@@H](C(N[C@@H](C(O[C@H](C(N2NC[C@@H](C[C@@H]2C(N[C@H]3CC(C)C)=O)O)=O)C(C)C)=O)C(C)C)=O)C[C@@](O)(C4=CC(C5=CC=C6NC(N(C([C@H](NC7=O)[C@@H](O)C)=O)[C@H](C8)C(N[C@H](C(O[C@@H](C(N9NC[C@@H](C[C@@H]9C(N[C@H]7CC(C)C)=O)O)=O)C(C)C)=O)C(C)C)=O)[C@@]8(C6=C5)O)=CC=C4N%10)[C@]1%10[H])[C@H](NC3=O)[C@@H](O)C,N/A,N/A,N/A,N/A,N/A,,,,"non-standard, no SMILES",,
platinum_hormaomycin.fasta (BGC0000374),CHEMONTID:0001994,Cyclic depsipeptides,6,C/C=C\[C@H](CN12)C[C@H]1C(O[C@@H]([C@H](C(N[C@H](C(N[C@@H](C(N[C@H](C(N[C@@H]([C@H](CC)C)C2=O)=O)[C@H](C)C3=CC=CC=C3)=O)C[C@H]4[C@@H](C4)[N+]([O-])=O)=O)[C@H](C)C5=CC=CC=C5)=O)NC([C@H](C[C@H]6[C@@H](C6)[N+]([O-])=O)NC(C(N7O)=CC=C7Cl)=O)=O)C)=O,SRPLSAAQSGMWFAQQLAPESAAYSGAQCVEIHGPVDLTRFETAVRRTVAEADTLHARVTDGAEGPRQTLDREIADRCGVTFVDLTGAADPEAAARAWMHAELNQPHAPAADDAPGRDPRDPLMCEALLRLAPDRHFWYQRIHHVLVDGYGFALLTRRVAEIYTALGRTDGEDQPSPFGTLAELLAADRHYRASEGFARDRAYWTERLADCPRPAQLSGADAPVSSGFLRATTLLPPEYVDRFTELVSGAGLSWSDAIVAAAAVYTQALTGADDLTLGIPVAARVTADERDTPGMVSNVLPLRVS,HHVLVD,"-126, G131",-165,"Q36,-138,-148",,A149,"-138,-143,Q136","non-standard, SMILES: NC(=O)C(CC1CC1[N+](=O)O)NC(=O)c2ccc(Cl)n2O",,
platinum_jagaricin.fasta (BGC0001127),CHEMONTID:0001994,Cyclic depsipeptides,10,CCCCCCCCCCC[C@H](CC(N/C(C(N[C@H](C(N[C@@H]1[C@@H](C)O)=O)[C@@H](C)OC([C@H](CC2=CNC=N2)NC([C@H]([C@H](C)O)NC(NC([C@H](NC(/C(NC([C@H](NC1=O)CC3=CC=C(C=C3)O)=O)=C/C)=O)CCC(N)=O)=O)=O)=O)=O)=O)=C/C)=O)O,QPVTRAQRELILASLLHPEAALGNTGGTVTMHGALHIDGFTACMAQLVARHDVFGLGFVIDGQQIGHRPVERSAALVRLVDYSAHDDAAELASAFIARQFATPIDLGADASLIQNYLIRVHPQHHIWLCFGPHALLDGWGFSLMFQDMALLMRRHAAGAQDEAPPAPPSFLDYTAEDLAWSASSGCQRSTDYWRQRFPVAPDSLFAPIKPFQLAAGSLARAVPPARYAQWSAAAEGAGLTLASWIAAALLATLARRTGVARPVLGMPLLGRRTAQHKQTIGLFANVVPLALTVD,N/A,"-126, G131",-165,"-36,-138,-148",,-149,"-138,-143,Q136",14,"1|O, 3|OH",
platinum_kutznerides.fasta (BGC0000378),CHEMONTID:0001994,Cyclic depsipeptides,3,CC1(CC1)[C@@H]2C(=O)O[C@H](C(=O)N3[C@@H](C[C@H](CN3)Cl)C(=O)N[C@H](C(=O)N[C@@H](C(=O)N4[C@@H](C[C@@]5([C@H]4NC6=C5C=CC(=C6Cl)Cl)O)C(=O)N2)[C@H](CC(=O)O)O)COC)C(C)(C)C,N/A,N/A,N/A,N/A,N/A,,,,"non-standard, skip for now",,
platinum_lichenysin.fasta (BGC0000381) (repeat),CHEMONTID:0001994,Cyclic depsipeptides,7,O=C(NC(C(NC(C(NC(C(OC(CC(NC1CCC(N)=O)=O)CCCCCCCCCCC)=O)C(CC)C)=O)CC(C)C)=O)CC(O)=O)C(NC(C(NC(C(NC1=O)CC(C)C)=O)CC(C)C)=O)C(C)C,,,,,,,,,,,
platinum_locillomycin.fasta (BGC0001005),CHEMONTID:0001994,Cyclic depsipeptides,9,[H]N([C@@H]1C(N[C@H](CCC(N)=O)C(N[C@H](C(NCC(N[C@@H](CC(N)=O)C(N[C@H](C(NCC(N[C@H](C(N[C@@H](C(C)C)C(OC1C)=O)=O)CC2=CC=C(O)C=C2)=O)=O)CC(O)=O)=O)=O)=O)CC(O)=O)=O)=O)C(CCCCCCCCCCCC)=O,N/A,N/A,N/A,N/A,N/A,,,,12,,
platinum_lysobactin.fasta (BGC0000385),CHEMONTID:0001994,Cyclic depsipeptides,10,CC[C@H](C)[C@H]1C(N[C@@H](C(NCC(N[C@H](C(N[C@H](C(O[C@@H]([C@@H](C(N[C@H](C(N[C@H](C(N[C@@H](C(N1)=O)CCC/N=C(N)\N)=O)CC(C)C)=O)[C@@H](C(C)C)O)=O)NC([C@@H](CC(C)C)NC([C@@H](CC(C)C)N)=O)=O)C2=CC=CC=C2)=O)CO)=O)[C@@H](C(N)=O)O)=O)=O)[C@H](C)O)=O,N/A,N/A,N/A,N/A,N/A,,,,"non-standard, SMILES: N=C(N)NCCCCN",,
platinum_massetolide.fasta (BGC0000389) ,CHEMONTID:0001994,Cyclic depsipeptides,8,O=C(N[C@H](CCC(O)=O)C(N[C@@H](C(N[C@H]([C@H](CC)C)C1=O)=O)[C@@H](C)OC([C@H]([C@@H](C)CC)NC([C@@H](CO)NC([C@H](CC(C)C)NC([C@@H](CO)NC([C@@H](N1)CC(C)C)=O)=O)=O)=O)=O)=O)[C@H](CC(C)C)NC(C[C@@H](CCCCCCC)O)=O,N/A,N/A,N/A,N/A,N/A,,,,10,"1|O, 3|OH",
platinum_micropeptin.fasta (BGC0001018),CHEMONTID:0001994,Cyclic depsipeptides,7,CCCCCC(N[C@H](C(N[C@H]1[C@@H](C)OC([C@H]([C@H](CC)C)NC([C@H](CC2=CC=C(O)C=C2)N(C)C([C@H]([C@H](CC)C)N3[C@H](O)CC[C@H](NC([C@H](CCC/N=C(N)\N)NC1=O)=O)C3=O)=O)=O)=O)=O)CC(O)=O)=O,N/A,N/A,N/A,N/A,N/A,,,,6,1|O,
platinum_orfamide.fasta (BGC0000399),CHEMONTID:0001994,Cyclic depsipeptides,10,CCCCCCCCCCCC(CC(NC(C(NC(C(NC1C(OC(C(C(C)C)NC(C(NC(C(NC(C(NC(C(NC(C(NC(C(C(CC)C)NC1=O)=O)CC(C)C)=O)CO)=O)CC(C)C)=O)CC(C)C)=O)CO)=O)=O)C)=O)CCC(O)=O)=O)CC(C)C)=O)O,RGLPLTAGQRDIWLDQLSRGDSPLYNIGGYAVLKGPFRPELMQRTVELLVDKHDVLRTVLSLEGSVDGLPLQHFDRQWPVELVFHDLSAAADPLAAAQAQIRRQMQQAFKLDGERLCRFSLFRVGPEHHLMEVEAHHLILDGWGFAQLSQSLGGLYSALASGEEPQATAPSFVDFIEDDARYHQSSRYARDRDYWLDKYQSLPEPVLRPRYRPAADAATPGATLVQAFPAALHERMKALGKSTGASAFHVLLAALHVYFTRTLQRDEWVLGMPVLNRPNAAFKVTLGSFTQVSAVRMDF,HHLILD,"-126, G131",-165,"-36,-138,-148",,-149,"-138,-143,-136",14,"1|O, 3|OH",
platinum_paenibacterin.fasta (BGC000040),CHEMONTID:0001994,Cyclic depsipeptides,13,CC([C@H](NC(C(NC(CCCCCCCCCCCCCC)=O)CCCN)=O)C(N[C@H]1[C@H](OC([C@H]([C@@H](C)CC)NC([C@H](CCCCN)NC([C@H](C(C)C)NC([C@@H]2CCCN2C([C@H]([C@@H](C)CC)NC([C@H](CO)NC([C@H](CCCCN)NC([C@H](C(C)C)NC([C@H](CO)NC(C(CCCN)NC1=O)=O)=O)=O)=O)=O)=O)=O)=O)=O)=O)C)=O)C,EMMHPNTTVSTVAGTLVIRGEVDAAVLKESICQVITQHDAFRIRIMTQDNQPIQRLEPESAITPEVDYMEWDDHLEAKDWLNRFNRIPISIFDDKLYNFTVFNVNNQEYWIHLKINHIIADGVTSHLIGNKIMQTYMELTSGTFSANDKKNSYLDYTYAEQEYEKSDRYQKDKAYWLEKFQTMPETTGIKPYPPYSISTEAKRAYVALTGERYEQLKVFSEQNNISLFTLFLATVYMFLYKTTGNLDIAVGTAYANRTSRKEKEMLGMFVSTVATRLSL,N/A,"-126, G131",-165,"-36,Y138,-148",,-149,"Y138,-143,Q136",15,1|O,
platinum_paenibactin.fasta (BGC0000401),CHEMONTID:0001994,Cyclic depsipeptides,9,CCC(C1CC(NC(C(NC(C(NC(C(NC(C(NC(C(NC(C(NC(C(NC(C(NC(C(O1)=O)CO)=O)CC(C)C)=O)C(C)C)=O)CCN)=O)CC(C)C)=O)CC2=CC=CC=C2)=O)CCN)=O)C(CC)C)=O)CCN)=O)C,FNTGEYIDIRGPVDPERFEAALRQTVAEAETLHLRFGEDGEGPWQRLEPSSDWTLHHIDFSGTDHPLEAAEAWMRQNLAEPMDLTRGPLFTQALFKLAPDRFLWYQRIHHLVIDGYSFSLLAQRAAQLYTTFFQEQPPGPGAFGALQSIFQEDEAYRASEQQERDRAFWLARFADAPEAVSLGSRTARAGAGFLRRTAQLSPDDASALRDAADRTGTTWPDVVIAAVAAYVHRMTGADDVILGLPMMCRLGSASLRIPGMVMNLLPLRLAV,N/A,"-126, G131",-165,"-36,-138,-148",,-149,"-138,-143,Q136",DHBA,,
platinum_pelgipeptin.fasta (BGC0000403),CHEMONTID:0001994,Cyclic depsipeptides,9,O=C(N[C@@H](CCC(N)=O)C(N[C@@H](C(N[C@@](C(OC1=CC=C(C[C@H](NC([C@H](NC([C@H](CCC(O)=O)NC(C[C@H](O)CCCCCCCCCCCCC)=O)=O)CCCN)=O)C(N2)=O)C=C1)=O)([H])[C@@H](C)CC)=O)CC3=CC=C(O)C=C3)=O)[C@H]4N(C([C@H](NC([C@@H](NC([C@@]2([H])[C@@H](C)O)=O)CCC(O)=O)=O)C)=O)CCC4,QRFPLTQAQLRIWYTEMMNPDTTLSMLSESLKIQGGPLDVDVLKQAIYHIIRQNDAFRIRIAFENNEPMQWFEQPENIVPECDYAEVDGYAEAETWLDRFNRIPIGMFESRLYHIVILKVNENEHWVVCKFNHITLDGLSSDTMLHLIMEYYIEIAKGNVPAHHAQSTYLDYIYADQEYGKSDRYQKDKEYWLDKFRTLPEVMGVKSYSAHAVSTEAKRKSVVISGDFYEKLRAFSERNNVSLFTLFLSVLYVYLYKATGNEDISVGTILANRTSKKEKATLGMFASTIAGRISVD,N/A,"-126, -131",-165,"-36,-138,R148",,-149,"-138,-143,-136",N/A a tail,,
platinum_plipastatin.fasta (BGC0000407),CHEMONTID:0001994,Cyclic depsipeptides,12,CC(C)[C@H](NC([C@H](CC(C)C)NC1=O)=O)C(NC(CO)C(OC[C@H]1NC([C@H](NC([C@H](NC([C@H](NC([C@H](NC([C@H](NC([C@H](NC([C@H](NC([C@H](NC(CCCCC)=O)CC(C)C)=O)CCC(O)=O)=O)CC(C)C)=O)[C@@H](CC)C)=O)CCC(N)=O)=O)CO)=O)C(C)C)=O)[C@@H](CC)C)=O)=O)=O,HTYSLTHAQRRVWFTELLEPNTSICNLTACVKFKGNIELDTLEGALNHSISRNDAIRFQLLEGEELEPRLHLTEYKYYPLRIIDFSNVEMIEIEQWIQDQASIPFKLINSPLYQFYLLRIDSHEVWLFAKFHHIIMDGISLNVMGNQIIDLYQKMKKKDPLPDQPEPSYLSYIEKESQYLQSPRFAKDRLFWTQTFEHPLEYHSLADQTSLQKQSTSASRDTIILSPDLEQTIRIFCEEHKINIISLFMASFYICISRITSKKDLAIGTYYGNRGSKAEKEMLGMFVSSLPIRITVD,HHIIMD,"H126, -131",-165,"-36,-138,-148",,-149,"-138,M143,-136",16,"1|O, 3|OH",
platinum_putisolvin.fasta (BGC0000411),CHEMONTID:0001994,Cyclic depsipeptides,18,O=C([C@H]([C@H](OC([C@@H](NC1=O)C2=CC(Cl)=C(C=C2)O)=O)C(N)=O)NC([C@@H](CC(N)=O)NC(/C=C\C=C/CCC)=O)=O)N[C@H](C(N[C@@H](C(N[C@@H](C(N[C@H](C(N[C@@H](C(N[C@H](C(N[C@H](C(N[C@H](CCCN)C(N[C@H](C(N[C@@H](C(N[C@H](C(NCC(N[C@H](C(N[C@@H]1C)=O)CC(C)C)=O)=O)C3=CC=C(O)C=C3)=O)[C@H](O)C)=O)C4=CC=C(O[C@H]([C@H]([C@H]5O)O[C@H]([C@H]([C@H]6O)O)O[C@@H]([C@H]6O)CO)O[C@@H]([C@H]5O)CO)C=C4)=O)=O)CC7=CC=CC=C7)=O)[C@@H](O)C)=O)C8=CC=C(O)C=C8)=O)C9=CC=C(O)C=C9)=O)[C@H](O)C)=O)CCCN)=O)C%10=CC=C(O)C=C%10,ETFALSVAQRDIWLDQISHGDSPLYNIGAYVEMNGGVDAARLRQALAHLVAQHDGLRTVLVTQGGMARQYFAPTLEVELVRHDVRDAEAPWAAAQALLQARMQTPYRLDASPLWGTTLIRLGEQRYLFAVQAHHLVLDGWGVDQWFKQIAEYYNLLEQGLPLPSGAPSYRAFIEDDAQYQGSPRHDRDRDYWLAKYQQLPDALLAPRERNAVHLSPPSAVLEQPFDTRLLARMRALGSTLQASPFHVLLAALHVCSARTWQRDEWVVGLPVRNRGNAQFKSTLGLFTQVSALRMDF,HHLVLD,"-126, G131",-165,"-36,Y138,-148",,-149,"Y138,-143,Q136",6,1|O,
platinum_ramoplanin.fasta,CHEMONTID:0002250,Cyclic glycodepsipeptides,4,N[C@@H](CCCN(O)C=O)C(O[C@@H]([C@H](NC(C1=C(O)C(O)=CC=C1)=O)C(N[C@@H](CCCN(C=O)O)C(O)=O)=O)C)=O,RPLTPAQLAVWHAQQLAPHSPVYQVGEFVEIDGECDPDLLVAALRQVMGEAESARLRFRVIDGTPWQYVAEDGDDPIQVVDLGAAADPRAAALGRMAADLDRPGDLRDGPLVEHHVYLLGEGRVIWYHRAHHIVCDGGSLGIVASRVAGVYSALAAGGDVRPGALPPLSVLLSAADAYERSGDRDRDREHWRSALAGLPAELLAGAGRPRPLPGPPVRHEHDLSAAEAGRLRAGARRLRTSVAQAGIAAAALYQHRLTGARDVLVAVPVAGRTTRPEFDVPGMTSNVVPVRLAV,HHIVCD,"-126, G131",-165,"Q36,-138,-148",,-149,"-138,-143,-136","non-standard, skip for now",,
platinum_rhodochelin.fasta (BGC0000417),CHEMONTID:0001961,Depsipeptides,18,N/C(C(N1CCC[C@@H]1C(N[C@H](CO)C(N[C@H](CC(C)C)C(N[C@H](C(C)C)C(N[C@H](CCC(N)=O)C(N[C@H](CC(C)C)C(N[C@H](C(C)C)C(N[C@@H](C(C)C)C(N[C@H](CCC(N)=O)C(N[C@@H](CC(C)C)C(N[C@H](C(C)C)C(N/C(C(N[C@@H](C(N[C@@H]([C@H](CC)C)C(N[C@H]2CCO)=O)=O)[C@@H](OC([C@@H](NC([C@H](NC2=O)CCN)=O)CCCCN)=O)C)=O)=C\C)=O)=O)=O)=O)=O)=O)=O)=O)=O)=O)=O)=O)=C\C,VCLTAAQRELWSGHQLDPTRSAFTTAEYVEVAAPVDIDALAAAVRTVIEEAEILSVRFEAEPGADSADVVQVHDRRHAPELERLQLDRAAALEWMREDVRRPLDFDSAPLVRTALITTESGVLWYLRAPHALLDAYGYSLLTRRVAALYAARLAGTEPRPAKFPPLRTHVQAAREFDAAAPDSAPQSASHPVGFSDTVRRPVPDPRRYTIPIDPDVARSLREAATAQATTWAEAVYAAAATYLGAHTGAEEVTLRVPVLARNGIELASPVTATNIVPLRIPL,N/A,"-126, -131",-165,"-36,-138,-148",,-149,"-138,-143,-136",DHBA,,
platinum_sessilin.fasta (BGC0000425),CHEMONTID:0001994,Cyclic depsipeptides,11,O=S(CC(NC(CC(CCCCCCCCC(C)CC)=O)=O)C(NC1C(NC(CO)C(NC(CN)C(N/C(C(NC(C(NC(CO)C(NC(CCCCN)C(N(C)CC(OC1C)=O)=O)=O)=O)C(C)C)=O)=C\C)=O)=O)=O)=O)(O)=O,QTFPLTAAQKAIWLDQISQGDSPLYNIGNYLEIQGPIVPEVMQRAVQLMVDKHDALRLTLVDETDADGVPLQAFVPAIKVDVPFLDFSTQADPVSTAMAFVEEHMARSFPMTEAPLCRFFLIKLADTHYWSINQAHHIILDGWAFGEMLQSLGALYSDLLEARQPDMEATSYVDFIHDDLRYRESARYAKDREYWQAKYQSLPEPLFTARHHNQFAKGKAPGRHYARPFPVALHERMGELAKDFQASTYHVLLAAMYVYFTRVTQRDEWVVGLPLLNRTGKFKGTVGMFTQVSAVRFS,HHIILD,"-126, G131",-165,"-36,-138,-148",,A149,"-138,-143,Q136",10,"1|O, 3|O, 5|OH",
platinum_stenothricin.fasta (BGC0000431),CHEMONTID:0001994,Cyclic depsipeptides,7,O=C([C@@H](NC([C@@H](NC([C@@H](NC1=O)CC(C)C)=O)CC(C)C)=O)C(C)C)N[C@H](C(N[C@@H](C(N[C@H](C(O[C@@H](CC(N[C@H]1CCC(O)=O)=O)CCCCCCCCCC(C)C)=O)CC(C)C)=O)CC(C)C)=O)CC(O)=O,EINGELDVDLFERALRSAVREAEAVHTRFVGEGEAVRQHVRVSDDWPFHRIDLSGEPDPRARAEEWMRTDMRRPVDMRGDALFTQAMLRLGPDHVYWYQRCHHILGDGFSGPLVNNRIAQIYAALRAGDAYDEGALAPFSNLLDADRAYRGSEEQAKDRAYWGEIFADLPTPVSLSGRIPAGTPHHLIRGTAEMPSEAAADLRTTARSLRTSISGMAIAAAAVYLNRATGAEDVVVALPVFGRFGSAQRQTPGMATNLLPIRLTV,N/A,"-126, G131",-165,"-36,-138,-148",,-149,"-138,-143,Q136",12,"1|O, 10|C",
platinum_surfactin.fasta (BGC0000433) (repeat),CHEMONTID:0001994,Cyclic depsipeptides,15,CCC/C=C/C=C/C(N[C@H](C(N[C@@H](C(N[C@H](C(N[C@H]1[C@H](OC([C@@H](NC([C@H]([C@@H](CC(O)=O)C)NC([C@H](NC(CNC([C@@H](NC([C@H](NC([C@@H](NC([C@@H](NC(CNC1=O)=O)CCCN)=O)CC(O)=O)=O)C)=O)CC(O)=O)=O)=O)C)=O)=O)CC(C2=CC=C(C=C2N)Cl)=O)=O)C)=O)CC(O)=O)=O)CC(N)=O)=O)CC3=CNC4=CC(Cl)=CC=C34)=O,,,,,,,,,,,
platinum_taromycin.fasta (BGC0000439),CHEMONTID:0001994,Cyclic depsipeptides,12,CC[C@H](C)[C@H]1C(=O)O[C@H]([C@H](C(=O)N[C@H](C(=O)N[C@H](C(=O)N1)C[C@H]2CN=C(N2)N)C)NC(=O)[C@H](CO)NC(=O)[C@H]([C@@H](C)CC)NC(=O)[C@@H]([C@@H](C)CC)NC(=O)[C@@H](CCC(=O)N)NC(=O)[C@H](CO)NC(=O)[C@H]([C@@H](C)CC)NC(=O)[C@@H](CC3=CC=CC=C3)NC)C,TAAQESVWFGQQLRPDDAALYNCAAYLDVAGVLDVAVLDAALRRVVAETEAVRTRFSFTDGGLARSVVSTSDTTLTAVDLRDEAAPVDAALEWMRQRLSEPIDLSRAPTADHAVIRVGSERTLLYFGYHHIALDAYGAVLYLRRLAAVYGHLIDGTDPDASAFATTETLLDEQRRYESSPRCARDAEYWSGVASALPAPTSLSGCGGDPTSDSLSRTVSLPGTDDSRWGAAASALVGGWPAVVVAGVAAYLRRFADGDDIVLGLPVTARTTPAAVHTPAMLANEVPLHLTV,HHIALD,"-126, -131",-165,"-36,Y138,-148",,A149,"Y138,-143,-136",8,"1|O, 2-3 (double bond), 4-5 (double bond)",
platinum_teixobactin.fasta (BGC0001207),CHEMONTID:0001994,Cyclic depsipeptides,14,CN[C@@H](C(N[C@H](C(N[C@@H](CO)C(N[C@H](CCC(N)=O)C(N[C@H]([C@H](CC)C)C(N[C@@H]([C@H](CC)C)C(N[C@H](C(N[C@H]([C@@H](OC1=O)C)C(N[C@@H](C)C(N[C@@H](C[C@@H]2NC(NC2)=N)C(N[C@H]1[C@@H](C)CC)=O)=O)=O)=O)CO)=O)=O)=O)=O)=O)[C@H](CC)C)=O)CC3=CC=CC=C3,N/A,N/A,N/A,N/A,N/A,,,,"non-standard, SMILES: NC([C@@H](CC1=CC=CC=C1)NC)=O",,
platinum_thanamycin.fasta (BGC0000443),CHEMONTID:0001994,Cyclic depsipeptides,9,O=C(C[C@H]([C@@H](CCCCCCCCCCCC)O)O)N[C@@H](C(NC(O)(C(N[C@@H](C(N[C@H](C(N[C@H](C(N[C@@H]([C@@H](C)O)C(N/C(C(N[C@@H]1[C@H](C(O)=O)O)=O)=C/C)=O)=O)CC2=C(C=CN3)C3=CC=C2)=O)CCO)=O)CC(O)=O)=O)CCCN)=O)COC([C@H]([C@H](CCl)O)NC1=O)=O,THELASVQQGIWLDQIAHPDLPYYNIGMSLEIKGEIDIPLFEKAIELVANNHDALRLSFSHEGGIGRQRVLPEVKVKLDVVEFSEAEADAGLAMEYLRNAFRQPFPELTGQLWEARMVRCGPNRHYWLNRYHHLVTDGIGVALIGHAVGAAYNGLLAGNDEVAQGHSYLSFLEDDRAYLQSSRYERDREFWQETYAQLPPSLLQRRADFKTGQANELAPSAQVQAMLPRALYNDLTQFASERSLSVAHVLISVVATYFCRTVGVDEMVIGMPVHNRTNARTKETAGMFSSVSPIRLPVD,HHLVTD,"
H126, G131",-165,"-36,Y138,-148",,-149,"Y138,-143,-136",16,"1|O, 3|OH, 4|OH",
platinum_tolaasin.fasta (BGC0001806),CHEMONTID:0001994,Cyclic depsipeptides,18,O=C([C@]1([H])NC(/C(NC([C@](C(C)C)([H])NC([C@@](CC(C)C)([H])NC([C@](CCC(N)=O)([H])NC([C@@](C(C)C)([H])NC([C@](C(C)C)([H])NC([C@](CC(C)C)([H])NC([C@@](CO)([H])NC([C@@](C(C)C)([H])NC([C@@](CC(C)C)([H])NC([C@@](CO)([H])NC([C@H]2N(CCC2)C(/C(NC(CC(CCCCC)O)=O)=C\C)=O)=O)=O)=O)=O)=O)=O)=O)=O)=O)=O)=O)=C/C)=O)N[C@]([C@H](C)CC)([H])C(N[C@](CCO)([H])C(N[C@@](CCN)([H])C(N[C@](CCCCN)([H])C(O[C@@H]1C)=O)=O)=O)=O,QTFPLTASQKAIWLDQISQGDSPLYNIGNYLEIQGPIVPEVMQRAVQLMVDKHDALRLALVDETDADGVPLQAFVPAIKVDVPFLDFSTQADPVGTAMAFVEEHMARSFPMTKAPLCRFFLIKLADTHYWSIYQAHHIILDGWAFGEMLQSLGALYSDLLEGRQPDMEATSYVDFIHDDLRYRESARYAKDHDYWQAKYQSLPEPLFAARHHNQFAKGKAPGRHYARPFPVALHERMGELAQDFQASTYHVLLAAMYVYFTRVTQRDEWVVGLPLLNRTGKFKGTVGMFTQVSAVRFS,HHIILD,"-126, G131",-165,"-36,-138,-148",,A149,"-138,-143,Q136","non-standard, SMILES: NC(CCCC(=O)O)=O",,
platinum_triostin_A.fasta (BGC0000450),CHEMONTID:0001994,Cyclic depsipeptides,11,O=C(N([C@H](C(OC[C@H](C(N[C@@H]1C)=O)NC(C2=CN=C3C=CC=CC3=N2)=O)=O)C(C)C)C)[C@@H](N(C([C@H](NC([C@@H]4NC(C5=NC6=C(N=C5)C=CC=C6)=O)=O)C)=O)C)CSSC[C@@H](C(N([C@H](C(OC4)=O)C(C)C)C)=O)N(C)C1=O,VTAVQEAMWLQQELAPDRPNNVVTLWDVDGDLDIPLITEALRTAVSEAGALTLNFRRDEGGLRAVARDPERPEPFHFDVGDAADPGDAARAVVAELVSRPFDLGADALFRIGSIRLGATRHLVVLVFHHIVTDAFGVVTLLSRRIAEIYRALRSGSAVPELPANARGDARQKDAVYRASKRFAEAEEFWRDYLADEPAAARLPAGVRPAGDGGAAGPWDGLTGPLGMTTRTARIPAAELAAWRRTADTVGTSLPDLLAAAATAFLQHMCAVPEPLHEFTVNHRVGAQRLSLGLLSNRLPVRVEV,HHIVTD,"-126, -131",-165,"-36,-138,-148",,A149,"-138,-143,-136","non-standard, SMILES: NC(=O)c2cnc1ccccc1n2",,
platinum_valinomycin.fasta (BGC0000453),CHEMONTID:0001994,Cyclic depsipeptides,6,O=C1NC(C(C)C)C(OC(C)C(NC(C(C)C)C(OC(C(C)C)C(NC(C(C)C)C(OC(C)C(NC(C(C)C)C(OC(C(C)C)C(NC(C(C)C)C(OC(C)C(NC(C(C)C)C(OC1C(C)C)=O)=O)=O)=O)=O)=O)=O)=O)=O)=O)=O,N/A,N/A,N/A,N/A,N/A,,,,N/A a tail,,
platinum_xenoamicin.fasta (BGC0000464),CHEMONTID:0001994,Cyclic depsipeptides,13,O=C(N[C@H](C(N[C@H](C(C)C)C(N[C@@H](C(C)C)C(N[C@H](C)C(NCCC1=O)=O)=O)=O)=O)C(C)C)[C@@H]([C@H](OC([C@@H](NC([C@@H]2N1CCC2)=O)C(C)C)=O)C)NC([C@H]([C@H](C)CC)NC([C@@H](CC(C)C)NC([C@H](C(C)C)NC([C@@H](C)NC([C@H]3N(C(CCC)=O)CCC3)=O)=O)=O)=O)=O,KFSLSSTQQVVWLDQYLRPDSTCYNLGSVVLIEGKLDEALLIHAFKTVVYRHDALRLRLISTQELPLQELTDTSNVFVTIRDFSDYADAEEQAKQYIHAAFSCPFDLNGELWRFELLRVSDNRWYWQFCCHHLIGDAITLGLIAEEIANTYRCLTRGEEIPQAAPSYLDFIDEDHAYLHSQRYQQDQQFWLERYKNLPPALIQPSSTEKKADNEHPEPLVWQWDRAFFQRIEDAVAAQGLSVLHFMYAVLACYFSRTTYFSRADFSSEDNSEEIVMGIPVHNRKNVKQKRTIGMFSSVIPVGITV,HHLIGD,"H126, -131",-165,"-36,-138,-148",,A149,"-138,-143,Q136","non-standard, SMILES: CCCC(=O)N1CCCC1C(=O)NC(C)C(=O)NC(C(=O)NC(CC(C)C)C(=O)NC(C(N)=O)C(C)CC)C(C)C",,
retimycin.fasta (BGC0001228) (repeat),CHEMONTID:0001994,Cyclic depsipeptides,10,O=C(C1=NC2=CC=CC=C2C=C1O)N[C@H]3C(NC(C(N(C4C(N(C5(C(O[C@@H]([C@H](C(NC(C(N(C(C(N(C6(C(O[C@@H]3C)=O)C(C6)C)C)=O)C(SC4)S(C)=O)C)=O)C)=O)NC(C7=NC8=CC=CC=C8C=C7O)=O)C)=O)C(C5)C)C)=O)C)=O)C)=O,,,,,,,,,,,